"VR","lowerCI","upperCI","window","start.year","end.year","treatment","bn","sig.synch","sig.comp","affiliation","aff.name","treatment.name"
0.515600341704354,0.636600103427608,1.41118209296422,"2007-2013",2007,2013,"XXX",10000,FALSE,TRUE,-1,"Compensatory","Control"
0.558437263484516,0.637354791976731,1.40294610373605,"2008-2014",2008,2014,"XXX",10000,FALSE,TRUE,-1,"Compensatory","Control"
0.499759086637316,0.625243159176096,1.43124821393607,"2009-2015",2009,2015,"XXX",10000,FALSE,TRUE,-1,"Compensatory","Control"
0.542592213467481,0.632272047038755,1.43042431379711,"2010-2016",2010,2016,"XXX",10000,FALSE,TRUE,-1,"Compensatory","Control"
0.459859550820931,0.63694405364677,1.40962643666018,"2011-2017",2011,2017,"XXX",10000,FALSE,TRUE,-1,"Compensatory","Control"
0.418981520873766,0.660557461198606,1.39783985406183,"2012-2018",2012,2018,"XXX",10000,FALSE,TRUE,-1,"Compensatory","Control"
0.365560200746942,0.690090235995182,1.36276423340979,"2013-2019",2013,2019,"XXX",10000,FALSE,TRUE,-1,"Compensatory","Control"
0.361475270195939,0.65833221969118,1.39774073261687,"2014-2020",2014,2020,"XXX",10000,FALSE,TRUE,-1,"Compensatory","Control"
0.351104263477824,0.670312353104668,1.36993407761821,"2015-2021",2015,2021,"XXX",10000,FALSE,TRUE,-1,"Compensatory","Control"
0.425189923134968,0.664581568593507,1.37297083842716,"2016-2022",2016,2022,"XXX",10000,FALSE,TRUE,-1,"Compensatory","Control"
0.493916034891459,0.651780863160749,1.38926008731633,"2017-2023",2017,2023,"XXX",10000,FALSE,TRUE,-1,"Compensatory","Control"
0.413105409212033,0.6296946130443,1.42542881631133,"2018-2024",2018,2024,"XXX",10000,FALSE,TRUE,-1,"Compensatory","Control"
0.183205928278902,0.629618674735996,1.41598201874978,"2007-2013",2007,2013,"PXX",10000,FALSE,TRUE,-1,"Compensatory","+ Snow"
0.255176121965143,0.646479562566271,1.40574064965083,"2008-2014",2008,2014,"PXX",10000,FALSE,TRUE,-1,"Compensatory","+ Snow"
0.22684629204073,0.661888612215834,1.37611434414485,"2009-2015",2009,2015,"PXX",10000,FALSE,TRUE,-1,"Compensatory","+ Snow"
0.267933588256413,0.68363258889549,1.3641722056627,"2010-2016",2010,2016,"PXX",10000,FALSE,TRUE,-1,"Compensatory","+ Snow"
0.257928020168514,0.650735817597874,1.39377354064825,"2011-2017",2011,2017,"PXX",10000,FALSE,TRUE,-1,"Compensatory","+ Snow"
0.240773775361338,0.650261932282035,1.40451326921052,"2012-2018",2012,2018,"PXX",10000,FALSE,TRUE,-1,"Compensatory","+ Snow"
0.205917981076898,0.649415177159522,1.40157441266847,"2013-2019",2013,2019,"PXX",10000,FALSE,TRUE,-1,"Compensatory","+ Snow"
0.204613404893143,0.651281403387577,1.39063562106177,"2014-2020",2014,2020,"PXX",10000,FALSE,TRUE,-1,"Compensatory","+ Snow"
0.291515973447217,0.650013447596256,1.40191986761608,"2015-2021",2015,2021,"PXX",10000,FALSE,TRUE,-1,"Compensatory","+ Snow"
0.353653304620635,0.633145783941347,1.42797517564969,"2016-2022",2016,2022,"PXX",10000,FALSE,TRUE,-1,"Compensatory","+ Snow"
0.328934691468066,0.648794091503789,1.40146150840446,"2017-2023",2017,2023,"PXX",10000,FALSE,TRUE,-1,"Compensatory","+ Snow"
0.448246025157928,0.657969320526303,1.4001718973262,"2018-2024",2018,2024,"PXX",10000,FALSE,TRUE,-1,"Compensatory","+ Snow"
0.288242530965791,0.677144711479985,1.35246208078463,"2007-2013",2007,2013,"XNX",10000,FALSE,TRUE,-1,"Compensatory","+ Nitrogen"
0.440725181158751,0.67945808276409,1.36116884144511,"2008-2014",2008,2014,"XNX",10000,FALSE,TRUE,-1,"Compensatory","+ Nitrogen"
0.440939157717112,0.694161307677636,1.350212045297,"2009-2015",2009,2015,"XNX",10000,FALSE,TRUE,-1,"Compensatory","+ Nitrogen"
0.487911533102727,0.670306661197728,1.37137315632928,"2010-2016",2010,2016,"XNX",10000,FALSE,TRUE,-1,"Compensatory","+ Nitrogen"
0.4428059924165,0.690345607628212,1.34892540719424,"2011-2017",2011,2017,"XNX",10000,FALSE,TRUE,-1,"Compensatory","+ Nitrogen"
0.470026930353089,0.675544155381985,1.3684128529104,"2012-2018",2012,2018,"XNX",10000,FALSE,TRUE,-1,"Compensatory","+ Nitrogen"
0.357609912519775,0.665520256519681,1.37222032189523,"2013-2019",2013,2019,"XNX",10000,FALSE,TRUE,-1,"Compensatory","+ Nitrogen"
0.231245516328456,0.659762847467853,1.37703347179785,"2014-2020",2014,2020,"XNX",10000,FALSE,TRUE,-1,"Compensatory","+ Nitrogen"
0.270947079013629,0.667908326055962,1.37410611818025,"2015-2021",2015,2021,"XNX",10000,FALSE,TRUE,-1,"Compensatory","+ Nitrogen"
0.31590807245973,0.663425038689582,1.38147142521751,"2016-2022",2016,2022,"XNX",10000,FALSE,TRUE,-1,"Compensatory","+ Nitrogen"
0.276277071209675,0.674476774171855,1.36529101899546,"2017-2023",2017,2023,"XNX",10000,FALSE,TRUE,-1,"Compensatory","+ Nitrogen"
0.259706188324864,0.65755910241826,1.38573633908564,"2018-2024",2018,2024,"XNX",10000,FALSE,TRUE,-1,"Compensatory","+ Nitrogen"
0.551983690796792,0.692668333753722,1.33779899309441,"2007-2013",2007,2013,"XXW",10000,FALSE,TRUE,-1,"Compensatory","+ Warming"
0.608309952806528,0.697708944656329,1.33605766132305,"2008-2014",2008,2014,"XXW",10000,FALSE,TRUE,-1,"Compensatory","+ Warming"
0.584405177628895,0.687001466077034,1.35273734149058,"2009-2015",2009,2015,"XXW",10000,FALSE,TRUE,-1,"Compensatory","+ Warming"
0.49087986140941,0.690060399910162,1.34843064057786,"2010-2016",2010,2016,"XXW",10000,FALSE,TRUE,-1,"Compensatory","+ Warming"
0.425567760207688,0.701635007009539,1.33879421541938,"2011-2017",2011,2017,"XXW",10000,FALSE,TRUE,-1,"Compensatory","+ Warming"
0.478227848635242,0.665012567984972,1.36438347015179,"2012-2018",2012,2018,"XXW",10000,FALSE,TRUE,-1,"Compensatory","+ Warming"
0.393781987371542,0.656605804879213,1.38308653025177,"2013-2019",2013,2019,"XXW",10000,FALSE,TRUE,-1,"Compensatory","+ Warming"
0.423034308055321,0.63997914654771,1.39273253029976,"2014-2020",2014,2020,"XXW",10000,FALSE,TRUE,-1,"Compensatory","+ Warming"
0.387469422131434,0.659701119719704,1.37767239999946,"2015-2021",2015,2021,"XXW",10000,FALSE,TRUE,-1,"Compensatory","+ Warming"
0.306846847680444,0.645759855471905,1.40574111687513,"2016-2022",2016,2022,"XXW",10000,FALSE,TRUE,-1,"Compensatory","+ Warming"
0.295778898765874,0.642219686052658,1.41565128021979,"2017-2023",2017,2023,"XXW",10000,FALSE,TRUE,-1,"Compensatory","+ Warming"
0.443629927060674,0.631659897488244,1.4261617034064,"2018-2024",2018,2024,"XXW",10000,FALSE,TRUE,-1,"Compensatory","+ Warming"
