"start.year","end.year","window","n.year.start","treatment","treatment.name","replicate","block","plot","VR"
2007,2013,"2007-2013",1,"XXX","Control","22_2_XXX","2","22",0.4495672436751
2007,2013,"2007-2013",1,"XXX","Control","24_2_XXX","2","24",0.52049622437972
2007,2013,"2007-2013",1,"XXX","Control","33_3_XXX","3","33",0.314256162730564
2007,2013,"2007-2013",1,"XXX","Control","39_3_XXX","3","39",1.15765276268495
2007,2013,"2007-2013",1,"XXX","Control","4_1_XXX","1","4",0.273231773667029
2007,2013,"2007-2013",1,"XXX","Control","6_1_XXX","1","6",0.378397883088766
2008,2014,"2008-2014",2,"XXX","Control","22_2_XXX","2","22",0.500092781592132
2008,2014,"2008-2014",2,"XXX","Control","24_2_XXX","2","24",0.48887859128823
2008,2014,"2008-2014",2,"XXX","Control","33_3_XXX","3","33",0.863559526684376
2008,2014,"2008-2014",2,"XXX","Control","39_3_XXX","3","39",0.962411902897416
2008,2014,"2008-2014",2,"XXX","Control","4_1_XXX","1","4",0.186037771305083
2008,2014,"2008-2014",2,"XXX","Control","6_1_XXX","1","6",0.349643007139857
2009,2015,"2009-2015",3,"XXX","Control","22_2_XXX","2","22",0.512649800266312
2009,2015,"2009-2015",3,"XXX","Control","24_2_XXX","2","24",0.349932705248991
2009,2015,"2009-2015",3,"XXX","Control","33_3_XXX","3","33",0.817607117771014
2009,2015,"2009-2015",3,"XXX","Control","39_3_XXX","3","39",0.814940251773276
2009,2015,"2009-2015",3,"XXX","Control","4_1_XXX","1","4",0.136037177862273
2009,2015,"2009-2015",3,"XXX","Control","6_1_XXX","1","6",0.36738746690203
2010,2016,"2010-2016",4,"XXX","Control","22_2_XXX","2","22",0.533825079030558
2010,2016,"2010-2016",4,"XXX","Control","24_2_XXX","2","24",0.282793156210878
2010,2016,"2010-2016",4,"XXX","Control","33_3_XXX","3","33",0.812784484464674
2010,2016,"2010-2016",4,"XXX","Control","39_3_XXX","3","39",0.959250310193953
2010,2016,"2010-2016",4,"XXX","Control","4_1_XXX","1","4",0.137590403951314
2010,2016,"2010-2016",4,"XXX","Control","6_1_XXX","1","6",0.529309846953509
2011,2017,"2011-2017",5,"XXX","Control","22_2_XXX","2","22",0.536793372319688
2011,2017,"2011-2017",5,"XXX","Control","24_2_XXX","2","24",0.221064704195737
2011,2017,"2011-2017",5,"XXX","Control","33_3_XXX","3","33",0.546022631312278
2011,2017,"2011-2017",5,"XXX","Control","39_3_XXX","3","39",0.94294569275199
2011,2017,"2011-2017",5,"XXX","Control","4_1_XXX","1","4",0.091095829239975
2011,2017,"2011-2017",5,"XXX","Control","6_1_XXX","1","6",0.421235075105919
2012,2018,"2012-2018",6,"XXX","Control","22_2_XXX","2","22",0.523879862136878
2012,2018,"2012-2018",6,"XXX","Control","24_2_XXX","2","24",0.296801872074883
2012,2018,"2012-2018",6,"XXX","Control","33_3_XXX","3","33",0.376619322615889
2012,2018,"2012-2018",6,"XXX","Control","39_3_XXX","3","39",0.807646280783523
2012,2018,"2012-2018",6,"XXX","Control","4_1_XXX","1","4",0.173764518332954
2012,2018,"2012-2018",6,"XXX","Control","6_1_XXX","1","6",0.335177269298466
2013,2019,"2013-2019",7,"XXX","Control","22_2_XXX","2","22",0.558243951110002
2013,2019,"2013-2019",7,"XXX","Control","24_2_XXX","2","24",0.315899351719591
2013,2019,"2013-2019",7,"XXX","Control","33_3_XXX","3","33",0.152911441625352
2013,2019,"2013-2019",7,"XXX","Control","39_3_XXX","3","39",0.712162690653109
2013,2019,"2013-2019",7,"XXX","Control","4_1_XXX","1","4",0.235586011342155
2013,2019,"2013-2019",7,"XXX","Control","6_1_XXX","1","6",0.218557758031442
2014,2020,"2014-2020",8,"XXX","Control","22_2_XXX","2","22",0.355905511811024
2014,2020,"2014-2020",8,"XXX","Control","24_2_XXX","2","24",0.18568900685689
2014,2020,"2014-2020",8,"XXX","Control","33_3_XXX","3","33",0.231527818663527
2014,2020,"2014-2020",8,"XXX","Control","39_3_XXX","3","39",1.00992386003935
2014,2020,"2014-2020",8,"XXX","Control","4_1_XXX","1","4",0.202727272727273
2014,2020,"2014-2020",8,"XXX","Control","6_1_XXX","1","6",0.183078151077571
2015,2021,"2015-2021",9,"XXX","Control","22_2_XXX","2","22",0.181098403921076
2015,2021,"2015-2021",9,"XXX","Control","24_2_XXX","2","24",0.219626168224299
2015,2021,"2015-2021",9,"XXX","Control","33_3_XXX","3","33",0.293878166465621
2015,2021,"2015-2021",9,"XXX","Control","39_3_XXX","3","39",0.819234084472356
2015,2021,"2015-2021",9,"XXX","Control","4_1_XXX","1","4",0.348968863728265
2015,2021,"2015-2021",9,"XXX","Control","6_1_XXX","1","6",0.243819894055327
2016,2022,"2016-2022",10,"XXX","Control","22_2_XXX","2","22",0.0409280742459397
2016,2022,"2016-2022",10,"XXX","Control","24_2_XXX","2","24",0.471273712737127
2016,2022,"2016-2022",10,"XXX","Control","33_3_XXX","3","33",0.53550099535501
2016,2022,"2016-2022",10,"XXX","Control","39_3_XXX","3","39",0.833031674208145
2016,2022,"2016-2022",10,"XXX","Control","4_1_XXX","1","4",0.435665096049293
2016,2022,"2016-2022",10,"XXX","Control","6_1_XXX","1","6",0.234739986214291
2017,2023,"2017-2023",11,"XXX","Control","22_2_XXX","2","22",0.128920691711389
2017,2023,"2017-2023",11,"XXX","Control","24_2_XXX","2","24",0.865117393387638
2017,2023,"2017-2023",11,"XXX","Control","33_3_XXX","3","33",0.685485615401255
2017,2023,"2017-2023",11,"XXX","Control","39_3_XXX","3","39",0.784178391292806
2017,2023,"2017-2023",11,"XXX","Control","4_1_XXX","1","4",0.301570433345141
2017,2023,"2017-2023",11,"XXX","Control","6_1_XXX","1","6",0.198223684210526
2018,2024,"2018-2024",12,"XXX","Control","22_2_XXX","2","22",0.337370858567866
2018,2024,"2018-2024",12,"XXX","Control","24_2_XXX","2","24",0.718629715165512
2018,2024,"2018-2024",12,"XXX","Control","33_3_XXX","3","33",0.452290345313601
2018,2024,"2018-2024",12,"XXX","Control","39_3_XXX","3","39",0.526074083026165
2018,2024,"2018-2024",12,"XXX","Control","4_1_XXX","1","4",0.27537372147915
2018,2024,"2018-2024",12,"XXX","Control","6_1_XXX","1","6",0.168893731719906
2007,2013,"2007-2013",1,"PXX","+ Snow","12_1_PXX","1","12",0.401684001981179
2007,2013,"2007-2013",1,"PXX","+ Snow","16_1_PXX","1","16",0.26149112122572
2007,2013,"2007-2013",1,"PXX","+ Snow","26_2_PXX","2","26",0.222381195707716
2007,2013,"2007-2013",1,"PXX","+ Snow","31_2_PXX","2","31",0.0767791854434146
2007,2013,"2007-2013",1,"PXX","+ Snow","41_3_PXX","3","41",0.0552573413324913
2007,2013,"2007-2013",1,"PXX","+ Snow","46_3_PXX","3","46",0.0816427239828928
2008,2014,"2008-2014",2,"PXX","+ Snow","12_1_PXX","1","12",0.606374501992032
2008,2014,"2008-2014",2,"PXX","+ Snow","16_1_PXX","1","16",0.349755415793152
2008,2014,"2008-2014",2,"PXX","+ Snow","26_2_PXX","2","26",0.262148158521216
2008,2014,"2008-2014",2,"PXX","+ Snow","31_2_PXX","2","31",0.213330822820561
2008,2014,"2008-2014",2,"PXX","+ Snow","41_3_PXX","3","41",0.0395515415758331
2008,2014,"2008-2014",2,"PXX","+ Snow","46_3_PXX","3","46",0.0598962910880647
2009,2015,"2009-2015",3,"PXX","+ Snow","12_1_PXX","1","12",0.641652613827993
2009,2015,"2009-2015",3,"PXX","+ Snow","16_1_PXX","1","16",0.30101246105919
2009,2015,"2009-2015",3,"PXX","+ Snow","26_2_PXX","2","26",0.21037498502456
2009,2015,"2009-2015",3,"PXX","+ Snow","31_2_PXX","2","31",0.113503202071127
2009,2015,"2009-2015",3,"PXX","+ Snow","41_3_PXX","3","41",0.0233618233618233
2009,2015,"2009-2015",3,"PXX","+ Snow","46_3_PXX","3","46",0.0711726668996854
2010,2016,"2010-2016",4,"PXX","+ Snow","12_1_PXX","1","12",0.751134644478064
2010,2016,"2010-2016",4,"PXX","+ Snow","16_1_PXX","1","16",0.335933268334958
2010,2016,"2010-2016",4,"PXX","+ Snow","26_2_PXX","2","26",0.299318697956094
2010,2016,"2010-2016",4,"PXX","+ Snow","31_2_PXX","2","31",0.0606927232284716
2010,2016,"2010-2016",4,"PXX","+ Snow","41_3_PXX","3","41",0.0302273295028728
2010,2016,"2010-2016",4,"PXX","+ Snow","46_3_PXX","3","46",0.130294866038018
2011,2017,"2011-2017",5,"PXX","+ Snow","12_1_PXX","1","12",0.49796990685455
2011,2017,"2011-2017",5,"PXX","+ Snow","16_1_PXX","1","16",0.29645378690629
2011,2017,"2011-2017",5,"PXX","+ Snow","26_2_PXX","2","26",0.298100743187448
2011,2017,"2011-2017",5,"PXX","+ Snow","31_2_PXX","2","31",0.0892368501064153
2011,2017,"2011-2017",5,"PXX","+ Snow","41_3_PXX","3","41",0.0212046971360987
2011,2017,"2011-2017",5,"PXX","+ Snow","46_3_PXX","3","46",0.344602136820284
2012,2018,"2012-2018",6,"PXX","+ Snow","12_1_PXX","1","12",0.438841004951403
2012,2018,"2012-2018",6,"PXX","+ Snow","16_1_PXX","1","16",0.219915159633847
2012,2018,"2012-2018",6,"PXX","+ Snow","26_2_PXX","2","26",0.342645381984036
2012,2018,"2012-2018",6,"PXX","+ Snow","31_2_PXX","2","31",0.0985229942933871
2012,2018,"2012-2018",6,"PXX","+ Snow","41_3_PXX","3","41",0.0224053566829771
2012,2018,"2012-2018",6,"PXX","+ Snow","46_3_PXX","3","46",0.322312754622375
2013,2019,"2013-2019",7,"PXX","+ Snow","12_1_PXX","1","12",0.312218240665819
2013,2019,"2013-2019",7,"PXX","+ Snow","16_1_PXX","1","16",0.203113723064233
2013,2019,"2013-2019",7,"PXX","+ Snow","26_2_PXX","2","26",0.32550178932628
2013,2019,"2013-2019",7,"PXX","+ Snow","31_2_PXX","2","31",0.118728762742355
2013,2019,"2013-2019",7,"PXX","+ Snow","41_3_PXX","3","41",0.034319526627219
2013,2019,"2013-2019",7,"PXX","+ Snow","46_3_PXX","3","46",0.241625844035483
2014,2020,"2014-2020",8,"PXX","+ Snow","12_1_PXX","1","12",0.140438578950877
2014,2020,"2014-2020",8,"PXX","+ Snow","16_1_PXX","1","16",0.115339578454333
2014,2020,"2014-2020",8,"PXX","+ Snow","26_2_PXX","2","26",0.568775889158692
2014,2020,"2014-2020",8,"PXX","+ Snow","31_2_PXX","2","31",0.16953642384106
2014,2020,"2014-2020",8,"PXX","+ Snow","41_3_PXX","3","41",0.0523182392206386
2014,2020,"2014-2020",8,"PXX","+ Snow","46_3_PXX","3","46",0.181271719733258
2015,2021,"2015-2021",9,"PXX","+ Snow","12_1_PXX","1","12",0.205352080734777
2015,2021,"2015-2021",9,"PXX","+ Snow","16_1_PXX","1","16",0.181780288995924
2015,2021,"2015-2021",9,"PXX","+ Snow","26_2_PXX","2","26",0.601692354185555
2015,2021,"2015-2021",9,"PXX","+ Snow","31_2_PXX","2","31",0.18348623853211
2015,2021,"2015-2021",9,"PXX","+ Snow","41_3_PXX","3","41",0.327410697760504
2015,2021,"2015-2021",9,"PXX","+ Snow","46_3_PXX","3","46",0.249374180474431
2016,2022,"2016-2022",10,"PXX","+ Snow","12_1_PXX","1","12",0.236822489617719
2016,2022,"2016-2022",10,"PXX","+ Snow","16_1_PXX","1","16",0.230292089061704
2016,2022,"2016-2022",10,"PXX","+ Snow","26_2_PXX","2","26",0.598741384477075
2016,2022,"2016-2022",10,"PXX","+ Snow","31_2_PXX","2","31",0.177637314734089
2016,2022,"2016-2022",10,"PXX","+ Snow","41_3_PXX","3","41",0.463326347875786
2016,2022,"2016-2022",10,"PXX","+ Snow","46_3_PXX","3","46",0.415100201957434
2017,2023,"2017-2023",11,"PXX","+ Snow","12_1_PXX","1","12",0.22404997397189
2017,2023,"2017-2023",11,"PXX","+ Snow","16_1_PXX","1","16",0.296828063744209
2017,2023,"2017-2023",11,"PXX","+ Snow","26_2_PXX","2","26",0.556925996204934
2017,2023,"2017-2023",11,"PXX","+ Snow","31_2_PXX","2","31",0.22484501669051
2017,2023,"2017-2023",11,"PXX","+ Snow","41_3_PXX","3","41",0.344238771703257
2017,2023,"2017-2023",11,"PXX","+ Snow","46_3_PXX","3","46",0.326720326493595
2018,2024,"2018-2024",12,"PXX","+ Snow","12_1_PXX","1","12",0.343887710135466
2018,2024,"2018-2024",12,"PXX","+ Snow","16_1_PXX","1","16",0.893578805568029
2018,2024,"2018-2024",12,"PXX","+ Snow","26_2_PXX","2","26",0.589662921348315
2018,2024,"2018-2024",12,"PXX","+ Snow","31_2_PXX","2","31",0.32800572519084
2018,2024,"2018-2024",12,"PXX","+ Snow","41_3_PXX","3","41",0.318866133188661
2018,2024,"2018-2024",12,"PXX","+ Snow","46_3_PXX","3","46",0.21547485551626
2007,2013,"2007-2013",1,"XNX","+ Nitrogen","17_2_XNX","2","17",0.345069673438996
2007,2013,"2007-2013",1,"XNX","+ Nitrogen","20_2_XNX","2","20",0.140113866640934
2007,2013,"2007-2013",1,"XNX","+ Nitrogen","35_3_XNX","3","35",0.37527114967462
2007,2013,"2007-2013",1,"XNX","+ Nitrogen","37_3_XNX","3","37",0.39539944047249
2007,2013,"2007-2013",1,"XNX","+ Nitrogen","5_1_XNX","1","5",0.325499508679987
2007,2013,"2007-2013",1,"XNX","+ Nitrogen","7_1_XNX","1","7",0.148101546887721
2008,2014,"2008-2014",2,"XNX","+ Nitrogen","17_2_XNX","2","17",0.585039219437536
2008,2014,"2008-2014",2,"XNX","+ Nitrogen","20_2_XNX","2","20",0.189951294539862
2008,2014,"2008-2014",2,"XNX","+ Nitrogen","35_3_XNX","3","35",0.590432679387261
2008,2014,"2008-2014",2,"XNX","+ Nitrogen","37_3_XNX","3","37",0.818225190839695
2008,2014,"2008-2014",2,"XNX","+ Nitrogen","5_1_XNX","1","5",0.303453411523783
2008,2014,"2008-2014",2,"XNX","+ Nitrogen","7_1_XNX","1","7",0.157249291224369
2009,2015,"2009-2015",3,"XNX","+ Nitrogen","17_2_XNX","2","17",0.630540345076971
2009,2015,"2009-2015",3,"XNX","+ Nitrogen","20_2_XNX","2","20",0.164286152148593
2009,2015,"2009-2015",3,"XNX","+ Nitrogen","35_3_XNX","3","35",0.523635340461452
2009,2015,"2009-2015",3,"XNX","+ Nitrogen","37_3_XNX","3","37",0.819358008516214
2009,2015,"2009-2015",3,"XNX","+ Nitrogen","5_1_XNX","1","5",0.33982884833488
2009,2015,"2009-2015",3,"XNX","+ Nitrogen","7_1_XNX","1","7",0.167986251764562
2010,2016,"2010-2016",4,"XNX","+ Nitrogen","17_2_XNX","2","17",0.806656694091249
2010,2016,"2010-2016",4,"XNX","+ Nitrogen","20_2_XNX","2","20",0.489331436699858
2010,2016,"2010-2016",4,"XNX","+ Nitrogen","35_3_XNX","3","35",0.362526500475181
2010,2016,"2010-2016",4,"XNX","+ Nitrogen","37_3_XNX","3","37",0.737756714060032
2010,2016,"2010-2016",4,"XNX","+ Nitrogen","5_1_XNX","1","5",0.340168067226891
2010,2016,"2010-2016",4,"XNX","+ Nitrogen","7_1_XNX","1","7",0.191029786063149
2011,2017,"2011-2017",5,"XNX","+ Nitrogen","17_2_XNX","2","17",0.578800945889553
2011,2017,"2011-2017",5,"XNX","+ Nitrogen","20_2_XNX","2","20",0.604490500863558
2011,2017,"2011-2017",5,"XNX","+ Nitrogen","35_3_XNX","3","35",0.358703038539948
2011,2017,"2011-2017",5,"XNX","+ Nitrogen","37_3_XNX","3","37",0.527964635787046
2011,2017,"2011-2017",5,"XNX","+ Nitrogen","5_1_XNX","1","5",0.279962836791576
2011,2017,"2011-2017",5,"XNX","+ Nitrogen","7_1_XNX","1","7",0.306913996627319
2012,2018,"2012-2018",6,"XNX","+ Nitrogen","17_2_XNX","2","17",0.829103523826912
2012,2018,"2012-2018",6,"XNX","+ Nitrogen","20_2_XNX","2","20",0.584692028985507
2012,2018,"2012-2018",6,"XNX","+ Nitrogen","35_3_XNX","3","35",0.291570927560769
2012,2018,"2012-2018",6,"XNX","+ Nitrogen","37_3_XNX","3","37",0.500789577575997
2012,2018,"2012-2018",6,"XNX","+ Nitrogen","5_1_XNX","1","5",0.297667638483965
2012,2018,"2012-2018",6,"XNX","+ Nitrogen","7_1_XNX","1","7",0.316337885685382
2013,2019,"2013-2019",7,"XNX","+ Nitrogen","17_2_XNX","2","17",0.429153924566769
2013,2019,"2013-2019",7,"XNX","+ Nitrogen","20_2_XNX","2","20",0.646233974358974
2013,2019,"2013-2019",7,"XNX","+ Nitrogen","35_3_XNX","3","35",0.353196859226024
2013,2019,"2013-2019",7,"XNX","+ Nitrogen","37_3_XNX","3","37",0.23837458863929
2013,2019,"2013-2019",7,"XNX","+ Nitrogen","5_1_XNX","1","5",0.283985102420857
2013,2019,"2013-2019",7,"XNX","+ Nitrogen","7_1_XNX","1","7",0.194715025906736
2014,2020,"2014-2020",8,"XNX","+ Nitrogen","17_2_XNX","2","17",0.299915038232795
2014,2020,"2014-2020",8,"XNX","+ Nitrogen","20_2_XNX","2","20",0.497360084477297
2014,2020,"2014-2020",8,"XNX","+ Nitrogen","35_3_XNX","3","35",0.248225982532751
2014,2020,"2014-2020",8,"XNX","+ Nitrogen","37_3_XNX","3","37",0.212292476156835
2014,2020,"2014-2020",8,"XNX","+ Nitrogen","5_1_XNX","1","5",0.0463621444201313
2014,2020,"2014-2020",8,"XNX","+ Nitrogen","7_1_XNX","1","7",0.083317372150929
2015,2021,"2015-2021",9,"XNX","+ Nitrogen","17_2_XNX","2","17",0.311893477770255
2015,2021,"2015-2021",9,"XNX","+ Nitrogen","20_2_XNX","2","20",0.565793103448276
2015,2021,"2015-2021",9,"XNX","+ Nitrogen","35_3_XNX","3","35",0.0764760147601476
2015,2021,"2015-2021",9,"XNX","+ Nitrogen","37_3_XNX","3","37",0.181082589285714
2015,2021,"2015-2021",9,"XNX","+ Nitrogen","5_1_XNX","1","5",0.39380946000268
2015,2021,"2015-2021",9,"XNX","+ Nitrogen","7_1_XNX","1","7",0.0966278288146986
2016,2022,"2016-2022",10,"XNX","+ Nitrogen","17_2_XNX","2","17",0.409932068400094
2016,2022,"2016-2022",10,"XNX","+ Nitrogen","20_2_XNX","2","20",0.473050286058416
2016,2022,"2016-2022",10,"XNX","+ Nitrogen","35_3_XNX","3","35",0.123099133782483
2016,2022,"2016-2022",10,"XNX","+ Nitrogen","37_3_XNX","3","37",0.266188828472565
2016,2022,"2016-2022",10,"XNX","+ Nitrogen","5_1_XNX","1","5",0.523067253299811
2016,2022,"2016-2022",10,"XNX","+ Nitrogen","7_1_XNX","1","7",0.100110864745011
2017,2023,"2017-2023",11,"XNX","+ Nitrogen","17_2_XNX","2","17",0.240173005978883
2017,2023,"2017-2023",11,"XNX","+ Nitrogen","20_2_XNX","2","20",0.30838246603435
2017,2023,"2017-2023",11,"XNX","+ Nitrogen","35_3_XNX","3","35",0.198944506636814
2017,2023,"2017-2023",11,"XNX","+ Nitrogen","37_3_XNX","3","37",0.222198299063408
2017,2023,"2017-2023",11,"XNX","+ Nitrogen","5_1_XNX","1","5",0.541977923960308
2017,2023,"2017-2023",11,"XNX","+ Nitrogen","7_1_XNX","1","7",0.145986225584284
2018,2024,"2018-2024",12,"XNX","+ Nitrogen","17_2_XNX","2","17",0.204599854303257
2018,2024,"2018-2024",12,"XNX","+ Nitrogen","20_2_XNX","2","20",0.178585617798967
2018,2024,"2018-2024",12,"XNX","+ Nitrogen","35_3_XNX","3","35",0.183318597111701
2018,2024,"2018-2024",12,"XNX","+ Nitrogen","37_3_XNX","3","37",0.222064920618869
2018,2024,"2018-2024",12,"XNX","+ Nitrogen","5_1_XNX","1","5",0.554930187249702
2018,2024,"2018-2024",12,"XNX","+ Nitrogen","7_1_XNX","1","7",0.21473795286669
2007,2013,"2007-2013",1,"XXW","+ Warming","1_1_XXW","1","1",0.472629638534904
2007,2013,"2007-2013",1,"XXW","+ Warming","18_2_XXW","2","18",0.495751478485487
2007,2013,"2007-2013",1,"XXW","+ Warming","21_2_XXW","2","21",1.02012190644048
2007,2013,"2007-2013",1,"XXW","+ Warming","38_3_XXW","3","38",0.355011135857461
2007,2013,"2007-2013",1,"XXW","+ Warming","40_3_XXW","3","40",0.457239158869101
2007,2013,"2007-2013",1,"XXW","+ Warming","8_1_XXW","1","8",0.511148826593317
2008,2014,"2008-2014",2,"XXW","+ Warming","1_1_XXW","1","1",0.450518689280421
2008,2014,"2008-2014",2,"XXW","+ Warming","18_2_XXW","2","18",0.475870451133195
2008,2014,"2008-2014",2,"XXW","+ Warming","21_2_XXW","2","21",0.950887925907044
2008,2014,"2008-2014",2,"XXW","+ Warming","38_3_XXW","3","38",0.517931998136935
2008,2014,"2008-2014",2,"XXW","+ Warming","40_3_XXW","3","40",0.496503139517076
2008,2014,"2008-2014",2,"XXW","+ Warming","8_1_XXW","1","8",0.758147512864494
2009,2015,"2009-2015",3,"XXW","+ Warming","1_1_XXW","1","1",0.506020614584337
2009,2015,"2009-2015",3,"XXW","+ Warming","18_2_XXW","2","18",0.629849974133471
2009,2015,"2009-2015",3,"XXW","+ Warming","21_2_XXW","2","21",0.817509768718978
2009,2015,"2009-2015",3,"XXW","+ Warming","38_3_XXW","3","38",0.540796963946869
2009,2015,"2009-2015",3,"XXW","+ Warming","40_3_XXW","3","40",0.518043182847652
2009,2015,"2009-2015",3,"XXW","+ Warming","8_1_XXW","1","8",0.494210561542065
2010,2016,"2010-2016",4,"XXW","+ Warming","1_1_XXW","1","1",0.504330585411667
2010,2016,"2010-2016",4,"XXW","+ Warming","18_2_XXW","2","18",0.707608695652174
2010,2016,"2010-2016",4,"XXW","+ Warming","21_2_XXW","2","21",0.517056700430784
2010,2016,"2010-2016",4,"XXW","+ Warming","38_3_XXW","3","38",0.222509702457956
2010,2016,"2010-2016",4,"XXW","+ Warming","40_3_XXW","3","40",0.577373874639035
2010,2016,"2010-2016",4,"XXW","+ Warming","8_1_XXW","1","8",0.416399609864846
2011,2017,"2011-2017",5,"XXW","+ Warming","1_1_XXW","1","1",0.528626163108922
2011,2017,"2011-2017",5,"XXW","+ Warming","18_2_XXW","2","18",0.539288769399975
2011,2017,"2011-2017",5,"XXW","+ Warming","21_2_XXW","2","21",0.397034444649107
2011,2017,"2011-2017",5,"XXW","+ Warming","38_3_XXW","3","38",0.194397993311037
2011,2017,"2011-2017",5,"XXW","+ Warming","40_3_XXW","3","40",0.569063772048847
2011,2017,"2011-2017",5,"XXW","+ Warming","8_1_XXW","1","8",0.324995418728239
2012,2018,"2012-2018",6,"XXW","+ Warming","1_1_XXW","1","1",0.761969696969697
2012,2018,"2012-2018",6,"XXW","+ Warming","18_2_XXW","2","18",0.619225384974335
2012,2018,"2012-2018",6,"XXW","+ Warming","21_2_XXW","2","21",0.363153998025666
2012,2018,"2012-2018",6,"XXW","+ Warming","38_3_XXW","3","38",0.191669880447358
2012,2018,"2012-2018",6,"XXW","+ Warming","40_3_XXW","3","40",0.632499142955091
2012,2018,"2012-2018",6,"XXW","+ Warming","8_1_XXW","1","8",0.300848988439306
2013,2019,"2013-2019",7,"XXW","+ Warming","1_1_XXW","1","1",0.228922620029698
2013,2019,"2013-2019",7,"XXW","+ Warming","18_2_XXW","2","18",0.495308835027365
2013,2019,"2013-2019",7,"XXW","+ Warming","21_2_XXW","2","21",0.348851840201321
2013,2019,"2013-2019",7,"XXW","+ Warming","38_3_XXW","3","38",0.184726962457338
2013,2019,"2013-2019",7,"XXW","+ Warming","40_3_XXW","3","40",0.731908693540554
2013,2019,"2013-2019",7,"XXW","+ Warming","8_1_XXW","1","8",0.372972972972973
2014,2020,"2014-2020",8,"XXW","+ Warming","1_1_XXW","1","1",0.224920497253541
2014,2020,"2014-2020",8,"XXW","+ Warming","18_2_XXW","2","18",0.420284431137725
2014,2020,"2014-2020",8,"XXW","+ Warming","21_2_XXW","2","21",0.574497101943403
2014,2020,"2014-2020",8,"XXW","+ Warming","38_3_XXW","3","38",0.296237970253718
2014,2020,"2014-2020",8,"XXW","+ Warming","40_3_XXW","3","40",0.809616318601263
2014,2020,"2014-2020",8,"XXW","+ Warming","8_1_XXW","1","8",0.212649529142275
2015,2021,"2015-2021",9,"XXW","+ Warming","1_1_XXW","1","1",0.265684088044216
2015,2021,"2015-2021",9,"XXW","+ Warming","18_2_XXW","2","18",0.291771974164561
2015,2021,"2015-2021",9,"XXW","+ Warming","21_2_XXW","2","21",0.674821610601427
2015,2021,"2015-2021",9,"XXW","+ Warming","38_3_XXW","3","38",0.124587315377932
2015,2021,"2015-2021",9,"XXW","+ Warming","40_3_XXW","3","40",0.796615337703918
2015,2021,"2015-2021",9,"XXW","+ Warming","8_1_XXW","1","8",0.171336206896552
2016,2022,"2016-2022",10,"XXW","+ Warming","1_1_XXW","1","1",0.181517606215904
2016,2022,"2016-2022",10,"XXW","+ Warming","18_2_XXW","2","18",0.161676646706587
2016,2022,"2016-2022",10,"XXW","+ Warming","21_2_XXW","2","21",0.555270394133822
2016,2022,"2016-2022",10,"XXW","+ Warming","38_3_XXW","3","38",0.0424620179197507
2016,2022,"2016-2022",10,"XXW","+ Warming","40_3_XXW","3","40",0.594540491355778
2016,2022,"2016-2022",10,"XXW","+ Warming","8_1_XXW","1","8",0.305613929750826
2017,2023,"2017-2023",11,"XXW","+ Warming","1_1_XXW","1","1",0.254406779661017
2017,2023,"2017-2023",11,"XXW","+ Warming","18_2_XXW","2","18",0.278667163067759
2017,2023,"2017-2023",11,"XXW","+ Warming","21_2_XXW","2","21",0.602334062727936
2017,2023,"2017-2023",11,"XXW","+ Warming","38_3_XXW","3","38",0.0666021999274748
2017,2023,"2017-2023",11,"XXW","+ Warming","40_3_XXW","3","40",0.420826899982845
2017,2023,"2017-2023",11,"XXW","+ Warming","8_1_XXW","1","8",0.151836287228211
2018,2024,"2018-2024",12,"XXW","+ Warming","1_1_XXW","1","1",0.305793896505971
2018,2024,"2018-2024",12,"XXW","+ Warming","18_2_XXW","2","18",0.405570652173913
2018,2024,"2018-2024",12,"XXW","+ Warming","21_2_XXW","2","21",1.12825915196208
2018,2024,"2018-2024",12,"XXW","+ Warming","38_3_XXW","3","38",0.249642109899791
2018,2024,"2018-2024",12,"XXW","+ Warming","40_3_XXW","3","40",0.454351308061933
2018,2024,"2018-2024",12,"XXW","+ Warming","8_1_XXW","1","8",0.11816244376036
