"year","n.year","treatment","treatment.name","repl","block","plot","q1","q2"
2006,0,"XXW","+ Warming","1_1_XXW","1","1",4.04059270924638,2.70801279280837
2007,1,"XXW","+ Warming","1_1_XXW","1","1",4.53165290964882,3.56922023285393
2008,2,"XXW","+ Warming","1_1_XXW","1","1",4.09512205686807,2.74658621784693
2009,3,"XXW","+ Warming","1_1_XXW","1","1",4.83428496475711,3.76177777777778
2010,4,"XXW","+ Warming","1_1_XXW","1","1",3.90617291076376,2.69311510407401
2011,5,"XXW","+ Warming","1_1_XXW","1","1",3.78693765531274,2.65225874230827
2012,6,"XXW","+ Warming","1_1_XXW","1","1",5.2032878964221,3.99129057798892
2013,7,"XXW","+ Warming","1_1_XXW","1","1",4.25393295940295,2.98232695139912
2014,8,"XXW","+ Warming","1_1_XXW","1","1",5.0778592462446,3.82085413200222
2015,9,"XXW","+ Warming","1_1_XXW","1","1",4.56819209912615,3.41550229474758
2016,10,"XXW","+ Warming","1_1_XXW","1","1",4.95641280765146,3.78505629477994
2017,11,"XXW","+ Warming","1_1_XXW","1","1",4.83008540197523,3.89592882178485
2018,12,"XXW","+ Warming","1_1_XXW","1","1",4.95565393464136,3.7817679558011
2019,13,"XXW","+ Warming","1_1_XXW","1","1",5.31391087100402,4.58564931783729
2020,14,"XXW","+ Warming","1_1_XXW","1","1",4.46739547388881,3.4268135474042
2021,15,"XXW","+ Warming","1_1_XXW","1","1",5.64437636560663,4.8444976076555
2022,16,"XXW","+ Warming","1_1_XXW","1","1",4.08517089797342,3.18844351900052
2023,17,"XXW","+ Warming","1_1_XXW","1","1",4.36360822566683,3.52653271509531
2024,18,"XXW","+ Warming","1_1_XXW","1","1",4.8898375456759,4.06963179001094
2006,0,"PXX","+ Snow","12_1_PXX","1","12",6.51435558235661,5.39450089659295
2007,1,"PXX","+ Snow","12_1_PXX","1","12",5.88143438295706,4.65925176946411
2008,2,"PXX","+ Snow","12_1_PXX","1","12",5.39459526039345,3.72779843040066
2009,3,"PXX","+ Snow","12_1_PXX","1","12",6.0614160732157,4.53753424657534
2010,4,"PXX","+ Snow","12_1_PXX","1","12",5.71293916621446,4.32501732501732
2011,5,"PXX","+ Snow","12_1_PXX","1","12",6.00070866740899,4.51704272683629
2012,6,"PXX","+ Snow","12_1_PXX","1","12",6.39577457287987,4.96151731720726
2013,7,"PXX","+ Snow","12_1_PXX","1","12",6.1167503251759,4.50356778797146
2014,8,"PXX","+ Snow","12_1_PXX","1","12",5.32438940933354,3.7864654778235
2015,9,"PXX","+ Snow","12_1_PXX","1","12",5.32829555973413,3.70028700287003
2016,10,"PXX","+ Snow","12_1_PXX","1","12",4.71187702607409,3.13278763074125
2017,11,"PXX","+ Snow","12_1_PXX","1","12",5.19764216000754,3.93182693542175
2018,12,"PXX","+ Snow","12_1_PXX","1","12",3.98984502353054,2.48970003614022
2019,13,"PXX","+ Snow","12_1_PXX","1","12",2.98312692567413,1.8424599831508
2020,14,"PXX","+ Snow","12_1_PXX","1","12",2.26353209433674,1.56465065175049
2021,15,"PXX","+ Snow","12_1_PXX","1","12",3.70794357159706,2.7084234768651
2022,16,"PXX","+ Snow","12_1_PXX","1","12",3.05468154540489,2.00036080614401
2023,17,"PXX","+ Snow","12_1_PXX","1","12",2.46573151794927,1.71561638627507
2024,18,"PXX","+ Snow","12_1_PXX","1","12",2.33945234235801,1.58594453899289
2006,0,"PXX","+ Snow","16_1_PXX","1","16",5.71606854055888,4.33078184800437
2007,1,"PXX","+ Snow","16_1_PXX","1","16",5.147681506789,3.95119182746879
2008,2,"PXX","+ Snow","16_1_PXX","1","16",4.58344105630945,3.33935264054514
2009,3,"PXX","+ Snow","16_1_PXX","1","16",4.431761527255,3.01854493580599
2010,4,"PXX","+ Snow","16_1_PXX","1","16",3.97573316546002,2.71148459383753
2011,5,"PXX","+ Snow","16_1_PXX","1","16",2.83682275102318,1.79604178119846
2012,6,"PXX","+ Snow","16_1_PXX","1","16",4.11850894703172,2.68430107526882
2013,7,"PXX","+ Snow","16_1_PXX","1","16",3.7341913557396,2.53147970597635
2014,8,"PXX","+ Snow","16_1_PXX","1","16",3.88179091916235,2.46238477549807
2015,9,"PXX","+ Snow","16_1_PXX","1","16",4.51567449997214,3.03367239565065
2016,10,"PXX","+ Snow","16_1_PXX","1","16",3.77768186981435,2.55272151371176
2017,11,"PXX","+ Snow","16_1_PXX","1","16",4.57161214495833,3.43013733148545
2018,12,"PXX","+ Snow","16_1_PXX","1","16",2.76545331635692,1.77094778233967
2019,13,"PXX","+ Snow","16_1_PXX","1","16",2.46482493829135,1.64215234837521
2020,14,"PXX","+ Snow","16_1_PXX","1","16",1.58088317027552,1.20211288353887
2021,15,"PXX","+ Snow","16_1_PXX","1","16",2.49296542081643,1.67495664678763
2022,16,"PXX","+ Snow","16_1_PXX","1","16",2.82842815370724,1.97796313458964
2023,17,"PXX","+ Snow","16_1_PXX","1","16",2.95478057980031,1.8679769704189
2024,18,"PXX","+ Snow","16_1_PXX","1","16",2.65428488013202,1.76991150442478
2006,0,"XNX","+ Nitrogen","17_2_XNX","2","17",5.08301072511104,4.42414025623736
2007,1,"XNX","+ Nitrogen","17_2_XNX","2","17",5.50724126464952,4.56662231514921
2008,2,"XNX","+ Nitrogen","17_2_XNX","2","17",4.42450432600896,3.10756302521008
2009,3,"XNX","+ Nitrogen","17_2_XNX","2","17",4.84983894412396,3.40212150433944
2010,4,"XNX","+ Nitrogen","17_2_XNX","2","17",3.41525509325367,2.25645708322463
2011,5,"XNX","+ Nitrogen","17_2_XNX","2","17",2.57165801606104,1.66706231454006
2012,6,"XNX","+ Nitrogen","17_2_XNX","2","17",4.06700445546978,2.73950751122812
2013,7,"XNX","+ Nitrogen","17_2_XNX","2","17",3.70724243431733,2.38737798971761
2014,8,"XNX","+ Nitrogen","17_2_XNX","2","17",3.9716158110027,2.67828675693844
2015,9,"XNX","+ Nitrogen","17_2_XNX","2","17",4.02627770497311,2.74644215100489
2016,10,"XNX","+ Nitrogen","17_2_XNX","2","17",2.89931286957516,1.90532739567871
2017,11,"XNX","+ Nitrogen","17_2_XNX","2","17",2.82253375082232,1.86654394845835
2018,12,"XNX","+ Nitrogen","17_2_XNX","2","17",3.87364338179975,2.51749669457911
2019,13,"XNX","+ Nitrogen","17_2_XNX","2","17",2.81426730158754,1.81632168910504
2020,14,"XNX","+ Nitrogen","17_2_XNX","2","17",3.11611012591421,1.98979754503427
2021,15,"XNX","+ Nitrogen","17_2_XNX","2","17",3.28819143198497,2.2062449959968
2022,16,"XNX","+ Nitrogen","17_2_XNX","2","17",3.87252808475036,2.56623522791221
2023,17,"XNX","+ Nitrogen","17_2_XNX","2","17",4.57449939405193,3.2051282051282
2024,18,"XNX","+ Nitrogen","17_2_XNX","2","17",4.57263575130101,3.23106267029973
2006,0,"XXW","+ Warming","18_2_XXW","2","18",3.31672403652882,2.34354824825687
2007,1,"XXW","+ Warming","18_2_XXW","2","18",3.58500728373374,2.66274170897699
2008,2,"XXW","+ Warming","18_2_XXW","2","18",2.68349099049385,1.86235688215589
2009,3,"XXW","+ Warming","18_2_XXW","2","18",3.63689317593431,2.89828027808269
2010,4,"XXW","+ Warming","18_2_XXW","2","18",3.58101102060923,2.6995534585896
2011,5,"XXW","+ Warming","18_2_XXW","2","18",2.77285798582349,1.95530870576079
2012,6,"XXW","+ Warming","18_2_XXW","2","18",4.05819214694879,3.0471493061361
2013,7,"XXW","+ Warming","18_2_XXW","2","18",3.22871111290788,2.50072693064226
2014,8,"XXW","+ Warming","18_2_XXW","2","18",3.39105881280107,2.51304347826087
2015,9,"XXW","+ Warming","18_2_XXW","2","18",3.11481071680214,2.38543964702175
2016,10,"XXW","+ Warming","18_2_XXW","2","18",2.73091670390323,2.09010313008866
2017,11,"XXW","+ Warming","18_2_XXW","2","18",2.89462843297845,2.00357568533969
2018,12,"XXW","+ Warming","18_2_XXW","2","18",3.31911108169973,2.47716648687522
2019,13,"XXW","+ Warming","18_2_XXW","2","18",3.210557452425,2.44505386875612
2020,14,"XXW","+ Warming","18_2_XXW","2","18",2.69655553046809,2.07359712791696
2021,15,"XXW","+ Warming","18_2_XXW","2","18",3.14001869566696,2.56146111225118
2022,16,"XXW","+ Warming","18_2_XXW","2","18",3.10687387973936,2.3899392888118
2023,17,"XXW","+ Warming","18_2_XXW","2","18",3.46443680165085,2.77206488864449
2024,18,"XXW","+ Warming","18_2_XXW","2","18",3.16621257766186,2.59472077572275
2006,0,"XNX","+ Nitrogen","20_2_XNX","2","20",4.14024442139279,3.02736512900704
2007,1,"XNX","+ Nitrogen","20_2_XNX","2","20",4.38169302779936,3.41794470526865
2008,2,"XNX","+ Nitrogen","20_2_XNX","2","20",4.08866407790248,2.75197426147996
2009,3,"XNX","+ Nitrogen","20_2_XNX","2","20",5.19391507386014,4.42215256008359
2010,4,"XNX","+ Nitrogen","20_2_XNX","2","20",4.52764845966539,3.18218218218218
2011,5,"XNX","+ Nitrogen","20_2_XNX","2","20",2.80509992528406,1.9235960980754
2012,6,"XNX","+ Nitrogen","20_2_XNX","2","20",3.59589841862276,2.45853850699232
2013,7,"XNX","+ Nitrogen","20_2_XNX","2","20",3.33709583323155,2.236625926668
2014,8,"XNX","+ Nitrogen","20_2_XNX","2","20",3.02356342009417,2.05713543695624
2015,9,"XNX","+ Nitrogen","20_2_XNX","2","20",3.54698066309992,2.3872503637085
2016,10,"XNX","+ Nitrogen","20_2_XNX","2","20",2.93411428081912,1.88734835355286
2017,11,"XNX","+ Nitrogen","20_2_XNX","2","20",2.78762779318106,1.81604480041675
2018,12,"XNX","+ Nitrogen","20_2_XNX","2","20",3.43210364404023,2.19019392608855
2019,13,"XNX","+ Nitrogen","20_2_XNX","2","20",3.49493948299445,2.23002985509357
2020,14,"XNX","+ Nitrogen","20_2_XNX","2","20",2.50619338856096,1.67528687377554
2021,15,"XNX","+ Nitrogen","20_2_XNX","2","20",2.73510265822026,1.77389879326613
2022,16,"XNX","+ Nitrogen","20_2_XNX","2","20",2.91690074503907,1.9221074145566
2023,17,"XNX","+ Nitrogen","20_2_XNX","2","20",3.23004308766431,2.22063309157459
2024,18,"XNX","+ Nitrogen","20_2_XNX","2","20",3.7597969001491,2.54756995581738
2006,0,"XXW","+ Warming","21_2_XXW","2","21",3.52409018134464,2.93273733503619
2007,1,"XXW","+ Warming","21_2_XXW","2","21",4.8408751564328,4.31396534148828
2008,2,"XXW","+ Warming","21_2_XXW","2","21",4.18603572541019,3.26272283637088
2009,3,"XXW","+ Warming","21_2_XXW","2","21",4.82709099778059,4.02076843198339
2010,4,"XXW","+ Warming","21_2_XXW","2","21",3.86103994746895,3.00564015792442
2011,5,"XXW","+ Warming","21_2_XXW","2","21",3.94656366208452,2.9177185600748
2012,6,"XXW","+ Warming","21_2_XXW","2","21",5.659205974604,4.92847682119205
2013,7,"XXW","+ Warming","21_2_XXW","2","21",4.71409092105655,3.73377234242709
2014,8,"XXW","+ Warming","21_2_XXW","2","21",4.29968261619256,3.62291393212076
2015,9,"XXW","+ Warming","21_2_XXW","2","21",4.05108207672232,3.25900783289817
2016,10,"XXW","+ Warming","21_2_XXW","2","21",4.34854369761578,3.56464811783961
2017,11,"XXW","+ Warming","21_2_XXW","2","21",3.40327109060919,2.54590856703803
2018,12,"XXW","+ Warming","21_2_XXW","2","21",4.23308178109887,3.32880434782609
2019,13,"XXW","+ Warming","21_2_XXW","2","21",3.64707745024901,2.90560709963695
2020,14,"XXW","+ Warming","21_2_XXW","2","21",3.69334243730281,2.89959754289345
2021,15,"XXW","+ Warming","21_2_XXW","2","21",4.53995982188628,3.69123553035672
2022,16,"XXW","+ Warming","21_2_XXW","2","21",3.64580524446885,3.03323731442499
2023,17,"XXW","+ Warming","21_2_XXW","2","21",3.73047772309632,2.84057971014493
2024,18,"XXW","+ Warming","21_2_XXW","2","21",3.53025037450407,2.87821122740247
2006,0,"XXX","Control","22_2_XXX","2","22",2.14604861435514,1.48491228070175
2007,1,"XXX","Control","22_2_XXX","2","22",2.91391306377115,2.09628638340582
2008,2,"XXX","Control","22_2_XXX","2","22",3.30873985330764,2.23004694835681
2009,3,"XXX","Control","22_2_XXX","2","22",4.57757431976843,3.23794950267789
2010,4,"XXX","Control","22_2_XXX","2","22",4.1315237140388,2.82338902147971
2011,5,"XXX","Control","22_2_XXX","2","22",2.89597973464811,1.95211107962596
2012,6,"XXX","Control","22_2_XXX","2","22",2.93800592252362,1.95351294241944
2013,7,"XXX","Control","22_2_XXX","2","22",3.0163441611912,2.01627811860941
2014,8,"XXX","Control","22_2_XXX","2","22",3.25540796461361,2.22160258291752
2015,9,"XXX","Control","22_2_XXX","2","22",3.80185506342244,2.57930837382109
2016,10,"XXX","Control","22_2_XXX","2","22",2.34713150290474,1.59726408532344
2017,11,"XXX","Control","22_2_XXX","2","22",3.3798367624727,2.23094152467803
2018,12,"XXX","Control","22_2_XXX","2","22",3.41795387319424,2.24982688312688
2019,13,"XXX","Control","22_2_XXX","2","22",3.79167215525771,2.4736675878405
2020,14,"XXX","Control","22_2_XXX","2","22",3.01353958349418,2.01414008549819
2021,15,"XXX","Control","22_2_XXX","2","22",4.53380064180774,3.3868137080517
2022,16,"XXX","Control","22_2_XXX","2","22",4.6675925413521,3.4163634082068
2023,17,"XXX","Control","22_2_XXX","2","22",4.32810278213952,3.23387549074593
2024,18,"XXX","Control","22_2_XXX","2","22",4.03251095404431,2.93841359352972
2006,0,"XXX","Control","24_2_XXX","2","24",4.76631851500467,3.85896877269426
2007,1,"XXX","Control","24_2_XXX","2","24",5.3083688321007,4.55564435564436
2008,2,"XXX","Control","24_2_XXX","2","24",5.53790279921835,4.53522053982883
2009,3,"XXX","Control","24_2_XXX","2","24",5.52635850233365,4.59256390395043
2010,4,"XXX","Control","24_2_XXX","2","24",5.45953025090576,4.38356164383562
2011,5,"XXX","Control","24_2_XXX","2","24",5.41715411159201,4.17857142857143
2012,6,"XXX","Control","24_2_XXX","2","24",5.35801506512882,4.32168550873587
2013,7,"XXX","Control","24_2_XXX","2","24",5.06851103999145,4.04417151475975
2014,8,"XXX","Control","24_2_XXX","2","24",4.69509668509312,3.51757361921563
2015,9,"XXX","Control","24_2_XXX","2","24",5.31821145049753,4.29862229379138
2016,10,"XXX","Control","24_2_XXX","2","24",3.9677832151671,2.8984350047908
2017,11,"XXX","Control","24_2_XXX","2","24",3.59198406467542,2.48743718592965
2018,12,"XXX","Control","24_2_XXX","2","24",4.31696681487099,2.98301682877876
2019,13,"XXX","Control","24_2_XXX","2","24",3.34945864405092,2.28733736485248
2020,14,"XXX","Control","24_2_XXX","2","24",2.79447153759863,2.0294910416997
2021,15,"XXX","Control","24_2_XXX","2","24",3.90651947440535,2.73878981548294
2022,16,"XXX","Control","24_2_XXX","2","24",3.38537906148378,2.36536378852023
2023,17,"XXX","Control","24_2_XXX","2","24",4.18624928090637,3.10629811705779
2024,18,"XXX","Control","24_2_XXX","2","24",3.70479817078663,2.86887578776174
2006,0,"PXX","+ Snow","26_2_PXX","2","26",4.37974540491707,3.63510740183336
2007,1,"PXX","+ Snow","26_2_PXX","2","26",3.94923233703577,3.41775147928994
2008,2,"PXX","+ Snow","26_2_PXX","2","26",3.69771848270263,2.84253015481052
2009,3,"PXX","+ Snow","26_2_PXX","2","26",3.79031905330555,3.21018320782286
2010,4,"PXX","+ Snow","26_2_PXX","2","26",3.93634917430882,3.12279866730129
2011,5,"PXX","+ Snow","26_2_PXX","2","26",4.69174434374498,3.64331582019848
2012,6,"PXX","+ Snow","26_2_PXX","2","26",4.31169971016879,3.48186867036916
2013,7,"PXX","+ Snow","26_2_PXX","2","26",3.91104844190673,2.95095367847411
2014,8,"PXX","+ Snow","26_2_PXX","2","26",3.25736107917514,2.43856920684292
2015,9,"PXX","+ Snow","26_2_PXX","2","26",3.75432409772906,3.16016427104723
2016,10,"PXX","+ Snow","26_2_PXX","2","26",3.60055303327706,2.8127587046506
2017,11,"PXX","+ Snow","26_2_PXX","2","26",3.39791485282466,2.55305922128913
2018,12,"PXX","+ Snow","26_2_PXX","2","26",4.29087521612298,3.1402010742322
2019,13,"PXX","+ Snow","26_2_PXX","2","26",4.59564480704052,3.40702604482132
2020,14,"PXX","+ Snow","26_2_PXX","2","26",3.86608082077417,2.76566395213562
2021,15,"PXX","+ Snow","26_2_PXX","2","26",4.19837838824311,3.10657439446367
2022,16,"PXX","+ Snow","26_2_PXX","2","26",4.02015781398884,3.09050772626932
2023,17,"PXX","+ Snow","26_2_PXX","2","26",3.65895830064687,2.80580535002846
2024,18,"PXX","+ Snow","26_2_PXX","2","26",4.10131951167196,3.19246211630618
2006,0,"PXX","+ Snow","31_2_PXX","2","31",3.66553616302852,2.85620469083156
2007,1,"PXX","+ Snow","31_2_PXX","2","31",4.02079925371456,3.43438130948947
2008,2,"PXX","+ Snow","31_2_PXX","2","31",3.31583342568594,2.4107262433798
2009,3,"PXX","+ Snow","31_2_PXX","2","31",4.21097915320111,3.11247105524314
2010,4,"PXX","+ Snow","31_2_PXX","2","31",4.3387314426285,3.19155627561231
2011,5,"PXX","+ Snow","31_2_PXX","2","31",3.29431489470331,2.32305852653956
2012,6,"PXX","+ Snow","31_2_PXX","2","31",3.56542828922647,2.46152149944873
2013,7,"PXX","+ Snow","31_2_PXX","2","31",2.97155168403062,2.11839637892014
2014,8,"PXX","+ Snow","31_2_PXX","2","31",2.98644325443064,2.02215209845377
2015,9,"PXX","+ Snow","31_2_PXX","2","31",2.60129611998213,1.86515917005935
2016,10,"PXX","+ Snow","31_2_PXX","2","31",2.08995211207317,1.51061931108335
2017,11,"PXX","+ Snow","31_2_PXX","2","31",2.52791240572776,1.65802382620883
2018,12,"PXX","+ Snow","31_2_PXX","2","31",2.78913075078804,1.89227747935078
2019,13,"PXX","+ Snow","31_2_PXX","2","31",2.27080837841727,1.56585043017869
2020,14,"PXX","+ Snow","31_2_PXX","2","31",2.56631072305831,1.69305151915456
2021,15,"PXX","+ Snow","31_2_PXX","2","31",3.44802582368944,2.32407064344819
2022,16,"PXX","+ Snow","31_2_PXX","2","31",2.8871148071391,2.01197476745429
2023,17,"PXX","+ Snow","31_2_PXX","2","31",2.56749896538457,1.8323889054578
2024,18,"PXX","+ Snow","31_2_PXX","2","31",3.11879538289257,2.12947189097104
2006,0,"XXX","Control","33_3_XXX","3","33",2.98531096589655,2.08172043010753
2007,1,"XXX","Control","33_3_XXX","3","33",3.54179612791374,2.75452716297787
2008,2,"XXX","Control","33_3_XXX","3","33",3.79422272840314,2.87640449438202
2009,3,"XXX","Control","33_3_XXX","3","33",4.11585792207421,3.04054054054054
2010,4,"XXX","Control","33_3_XXX","3","33",3.63019714054824,2.70263929618768
2011,5,"XXX","Control","33_3_XXX","3","33",3.28851830079773,2.6217247706422
2012,6,"XXX","Control","33_3_XXX","3","33",3.56470695072671,2.71494658001983
2013,7,"XXX","Control","33_3_XXX","3","33",4.60410939309874,3.60573159954551
2014,8,"XXX","Control","33_3_XXX","3","33",3.75387337481921,2.86940771599348
2015,9,"XXX","Control","33_3_XXX","3","33",3.74796650522267,2.82251450676983
2016,10,"XXX","Control","33_3_XXX","3","33",3.71419834510667,2.68782703129628
2017,11,"XXX","Control","33_3_XXX","3","33",3.15424848212613,2.24810335762037
2018,12,"XXX","Control","33_3_XXX","3","33",3.02310494080829,2.21626445254908
2019,13,"XXX","Control","33_3_XXX","3","33",2.82056186513046,1.90271438866202
2020,14,"XXX","Control","33_3_XXX","3","33",2.91176708740961,2.15051577441458
2021,15,"XXX","Control","33_3_XXX","3","33",3.37220283465871,2.23893347139529
2022,16,"XXX","Control","33_3_XXX","3","33",3.55244954585723,2.58515194778707
2023,17,"XXX","Control","33_3_XXX","3","33",4.10505687880544,3.08683451555071
2024,18,"XXX","Control","33_3_XXX","3","33",4.42073727700976,3.46663564448581
2006,0,"XNX","+ Nitrogen","35_3_XNX","3","35",6.36575224898266,5.37974683544304
2007,1,"XNX","+ Nitrogen","35_3_XNX","3","35",5.50745603395077,4.12475633528265
2008,2,"XNX","+ Nitrogen","35_3_XNX","3","35",4.64477014819662,3.15298752462246
2009,3,"XNX","+ Nitrogen","35_3_XNX","3","35",4.6028945467198,3.08641975308642
2010,4,"XNX","+ Nitrogen","35_3_XNX","3","35",6.16511863683939,4.82841530054645
2011,5,"XNX","+ Nitrogen","35_3_XNX","3","35",3.02459478030731,1.90924805531547
2012,6,"XNX","+ Nitrogen","35_3_XNX","3","35",4.74929360764986,3.41896821261073
2013,7,"XNX","+ Nitrogen","35_3_XNX","3","35",3.83025624811477,2.34811881188119
2014,8,"XNX","+ Nitrogen","35_3_XNX","3","35",3.85678761946575,2.44125105663567
2015,9,"XNX","+ Nitrogen","35_3_XNX","3","35",4.93133874922064,3.38628762541806
2016,10,"XNX","+ Nitrogen","35_3_XNX","3","35",3.40538041028982,2.35816370723257
2017,11,"XNX","+ Nitrogen","35_3_XNX","3","35",3.37963102235554,2.15752625437573
2018,12,"XNX","+ Nitrogen","35_3_XNX","3","35",3.1919873937226,2.00621761658031
2019,13,"XNX","+ Nitrogen","35_3_XNX","3","35",4.37111173858303,3.2394607318639
2020,14,"XNX","+ Nitrogen","35_3_XNX","3","35",3.40266562398695,2.13753177068625
2021,15,"XNX","+ Nitrogen","35_3_XNX","3","35",5.10817581400526,3.82565597667638
2022,16,"XNX","+ Nitrogen","35_3_XNX","3","35",4.18746879567863,2.70873786407767
2023,17,"XNX","+ Nitrogen","35_3_XNX","3","35",3.24411943613389,2.09602793539939
2024,18,"XNX","+ Nitrogen","35_3_XNX","3","35",4.27682274387737,3.08905109489051
2006,0,"XNX","+ Nitrogen","37_3_XNX","3","37",2.85044976057804,1.85640695428203
2007,1,"XNX","+ Nitrogen","37_3_XNX","3","37",4.29631915241336,2.91785983421251
2008,2,"XNX","+ Nitrogen","37_3_XNX","3","37",2.63769723949016,1.67729688686409
2009,3,"XNX","+ Nitrogen","37_3_XNX","3","37",2.46457090326133,1.60700256191289
2010,4,"XNX","+ Nitrogen","37_3_XNX","3","37",2.28572242978716,1.53344425956739
2011,5,"XNX","+ Nitrogen","37_3_XNX","3","37",2.65202795930459,1.68281283195241
2012,6,"XNX","+ Nitrogen","37_3_XNX","3","37",2.32747413417671,1.60394968213175
2013,7,"XNX","+ Nitrogen","37_3_XNX","3","37",2.55951185305695,1.67979002624672
2014,8,"XNX","+ Nitrogen","37_3_XNX","3","37",1.76997916463036,1.28965398371181
2015,9,"XNX","+ Nitrogen","37_3_XNX","3","37",2.36966008146658,1.59076696707743
2016,10,"XNX","+ Nitrogen","37_3_XNX","3","37",1.79535852455597,1.296
2017,11,"XNX","+ Nitrogen","37_3_XNX","3","37",1.83592361751396,1.30151260504202
2018,12,"XNX","+ Nitrogen","37_3_XNX","3","37",2.04003685837806,1.39535642687305
2019,13,"XNX","+ Nitrogen","37_3_XNX","3","37",3.32620005698167,2.11842005317129
2020,14,"XNX","+ Nitrogen","37_3_XNX","3","37",2.13113969835672,1.44168295634367
2021,15,"XNX","+ Nitrogen","37_3_XNX","3","37",3.28720302412611,2.11617462518988
2022,16,"XNX","+ Nitrogen","37_3_XNX","3","37",2.17638624373333,1.4576297443842
2023,17,"XNX","+ Nitrogen","37_3_XNX","3","37",2.15188182851557,1.43105590062112
2024,18,"XNX","+ Nitrogen","37_3_XNX","3","37",1.95289085267936,1.37077257213776
2006,0,"XXW","+ Warming","38_3_XXW","3","38",4.16126040479418,2.77777777777778
2007,1,"XXW","+ Warming","38_3_XXW","3","38",6.64428446902254,5.68628858578607
2008,2,"XXW","+ Warming","38_3_XXW","3","38",5.66161107018115,4.22613065326633
2009,3,"XXW","+ Warming","38_3_XXW","3","38",5.91036120439667,4.86075949367089
2010,4,"XXW","+ Warming","38_3_XXW","3","38",6.03432024936787,4.91831177671886
2011,5,"XXW","+ Warming","38_3_XXW","3","38",4.73024855178571,3.48865282472236
2012,6,"XXW","+ Warming","38_3_XXW","3","38",5.75443862453282,4.53634276970161
2013,7,"XXW","+ Warming","38_3_XXW","3","38",5.91668309530354,4.94590417310665
2014,8,"XXW","+ Warming","38_3_XXW","3","38",5.29567736685817,3.59789750328515
2015,9,"XXW","+ Warming","38_3_XXW","3","38",5.45946222476352,4.28318584070796
2016,10,"XXW","+ Warming","38_3_XXW","3","38",4.42008725278167,2.92772186642269
2017,11,"XXW","+ Warming","38_3_XXW","3","38",5.04567442677392,3.89571263035921
2018,12,"XXW","+ Warming","38_3_XXW","3","38",4.80616886779424,3.19896193771626
2019,13,"XXW","+ Warming","38_3_XXW","3","38",4.35104686536814,2.89924878479894
2020,14,"XXW","+ Warming","38_3_XXW","3","38",4.44208490537771,3.01201677814307
2021,15,"XXW","+ Warming","38_3_XXW","3","38",5.75097648095606,4.22361809045226
2022,16,"XXW","+ Warming","38_3_XXW","3","38",5.89106921458632,4.90092645112498
2023,17,"XXW","+ Warming","38_3_XXW","3","38",5.15646751737326,3.90758905524006
2024,18,"XXW","+ Warming","38_3_XXW","3","38",4.46593074232086,3.06659870880054
2006,0,"XXX","Control","39_3_XXX","3","39",5.5487742656731,4.65116279069767
2007,1,"XXX","Control","39_3_XXX","3","39",6.60845483036476,5.98339920948617
2008,2,"XXX","Control","39_3_XXX","3","39",5.49056985277051,4.20521446593776
2009,3,"XXX","Control","39_3_XXX","3","39",5.19282047834571,4.23559037493005
2010,4,"XXX","Control","39_3_XXX","3","39",6.13337892373793,5.49256744356763
2011,5,"XXX","Control","39_3_XXX","3","39",4.44610353704688,3.45774326176336
2012,6,"XXX","Control","39_3_XXX","3","39",6.610125651838,5.83082077051926
2013,7,"XXX","Control","39_3_XXX","3","39",6.1452094791571,4.9822852081488
2014,8,"XXX","Control","39_3_XXX","3","39",4.31607654135079,2.97872850859656
2015,9,"XXX","Control","39_3_XXX","3","39",5.67637771569454,4.47385620915033
2016,10,"XXX","Control","39_3_XXX","3","39",4.98260192423515,3.68995633187773
2017,11,"XXX","Control","39_3_XXX","3","39",5.30265500953526,4.01668984700974
2018,12,"XXX","Control","39_3_XXX","3","39",3.84177760164094,2.72538664654847
2019,13,"XXX","Control","39_3_XXX","3","39",4.73183486847306,3.83411580594679
2020,14,"XXX","Control","39_3_XXX","3","39",4.2338492415158,2.92767472362751
2021,15,"XXX","Control","39_3_XXX","3","39",4.75930823369234,3.34955957348169
2022,16,"XXX","Control","39_3_XXX","3","39",3.73138305609265,2.5966846249482
2023,17,"XXX","Control","39_3_XXX","3","39",4.02541512615859,2.85138382130462
2024,18,"XXX","Control","39_3_XXX","3","39",5.08866751564543,4.31025641025641
2006,0,"XXX","Control","4_1_XXX","1","4",4.22042178275471,3.18434913468773
2007,1,"XXX","Control","4_1_XXX","1","4",2.6199247468533,2.26014893105933
2008,2,"XXX","Control","4_1_XXX","1","4",3.75118997157592,2.9483828814113
2009,3,"XXX","Control","4_1_XXX","1","4",4.18788474174617,3.25538461538462
2010,4,"XXX","Control","4_1_XXX","1","4",3.02299723112258,2.44835501147666
2011,5,"XXX","Control","4_1_XXX","1","4",2.97326576113532,2.37789203084833
2012,6,"XXX","Control","4_1_XXX","1","4",3.03118992537385,2.43676325195832
2013,7,"XXX","Control","4_1_XXX","1","4",3.20820003601381,2.62178346010681
2014,8,"XXX","Control","4_1_XXX","1","4",3.11771064897624,2.49289824459174
2015,9,"XXX","Control","4_1_XXX","1","4",3.20079543653505,2.56491450284991
2016,10,"XXX","Control","4_1_XXX","1","4",3.62959490746353,2.94915254237288
2017,11,"XXX","Control","4_1_XXX","1","4",3.47409322480519,2.8836987607245
2018,12,"XXX","Control","4_1_XXX","1","4",3.42980243907407,2.76952300548755
2019,13,"XXX","Control","4_1_XXX","1","4",3.17619946984275,2.48833637323606
2020,14,"XXX","Control","4_1_XXX","1","4",3.03069220966049,2.50256240700942
2021,15,"XXX","Control","4_1_XXX","1","4",3.34386638350267,2.69158878504673
2022,16,"XXX","Control","4_1_XXX","1","4",3.13928594137853,2.52410780515948
2023,17,"XXX","Control","4_1_XXX","1","4",4.07286312280966,3.04253393665158
2024,18,"XXX","Control","4_1_XXX","1","4",3.50395195299912,2.76512731145319
2006,0,"XXW","+ Warming","40_3_XXW","3","40",4.23380617475877,3.0147509361171
2007,1,"XXW","+ Warming","40_3_XXW","3","40",5.13221177939884,4.08472746896924
2008,2,"XXW","+ Warming","40_3_XXW","3","40",4.00019151181942,2.69906606710481
2009,3,"XXW","+ Warming","40_3_XXW","3","40",4.04176686796713,2.70903637045369
2010,4,"XXW","+ Warming","40_3_XXW","3","40",4.60932645263997,3.35636235459993
2011,5,"XXW","+ Warming","40_3_XXW","3","40",3.13369374282838,2.1646514198853
2012,6,"XXW","+ Warming","40_3_XXW","3","40",6.499130137303,6.06060606060606
2013,7,"XXW","+ Warming","40_3_XXW","3","40",5.46741591904837,4.54803149606299
2014,8,"XXW","+ Warming","40_3_XXW","3","40",4.07759146032782,3.06552874239749
2015,9,"XXW","+ Warming","40_3_XXW","3","40",4.47033714160679,3.46959280803808
2016,10,"XXW","+ Warming","40_3_XXW","3","40",4.86302895510585,3.83213182286303
2017,11,"XXW","+ Warming","40_3_XXW","3","40",4.5925349097283,3.21238938053097
2018,12,"XXW","+ Warming","40_3_XXW","3","40",4.64616793274801,3.12665862484922
2019,13,"XXW","+ Warming","40_3_XXW","3","40",4.27796060599208,3.12918379330593
2020,14,"XXW","+ Warming","40_3_XXW","3","40",4.88600575856337,3.80549682875264
2021,15,"XXW","+ Warming","40_3_XXW","3","40",4.22934252683467,3.11912058627582
2022,16,"XXW","+ Warming","40_3_XXW","3","40",4.92688672421562,3.76344086021505
2023,17,"XXW","+ Warming","40_3_XXW","3","40",4.50824248659618,3.56043956043956
2024,18,"XXW","+ Warming","40_3_XXW","3","40",4.181570287964,3.28181818181818
2006,0,"PXX","+ Snow","41_3_PXX","3","41",5.66901269722632,4.28774062816616
2007,1,"PXX","+ Snow","41_3_PXX","3","41",5.2847017148054,3.87226890756303
2008,2,"PXX","+ Snow","41_3_PXX","3","41",5.77946901547208,4.33394748963611
2009,3,"PXX","+ Snow","41_3_PXX","3","41",7.05560333132296,6.31232876712329
2010,4,"PXX","+ Snow","41_3_PXX","3","41",5.69798010014655,4.08186341022162
2011,5,"PXX","+ Snow","41_3_PXX","3","41",5.665949245319,4.24399615754083
2012,6,"PXX","+ Snow","41_3_PXX","3","41",5.01848619393464,3.48537005163511
2013,7,"PXX","+ Snow","41_3_PXX","3","41",4.24128348537526,2.73279352226721
2014,8,"PXX","+ Snow","41_3_PXX","3","41",3.54971901508683,2.3392200147167
2015,9,"PXX","+ Snow","41_3_PXX","3","41",3.39274933208432,2.13925302992827
2016,10,"PXX","+ Snow","41_3_PXX","3","41",3.03252052457681,2.02215912597988
2017,11,"PXX","+ Snow","41_3_PXX","3","41",3.35233945474694,2.07700025081515
2018,12,"PXX","+ Snow","41_3_PXX","3","41",4.24807507020713,2.81427712395842
2019,13,"PXX","+ Snow","41_3_PXX","3","41",3.12200111932282,2.01492537313433
2020,14,"PXX","+ Snow","41_3_PXX","3","41",2.12244344545308,1.4735039482447
2021,15,"PXX","+ Snow","41_3_PXX","3","41",4.00565607185713,2.52279340446169
2022,16,"PXX","+ Snow","41_3_PXX","3","41",3.89771282732276,2.48422307258014
2023,17,"PXX","+ Snow","41_3_PXX","3","41",4.48205945020922,3.00783289817232
2024,18,"PXX","+ Snow","41_3_PXX","3","41",4.14799216792907,2.7632892804699
2006,0,"PXX","+ Snow","46_3_PXX","3","46",5.14114741398264,4.0587433246222
2007,1,"PXX","+ Snow","46_3_PXX","3","46",4.76627156418948,3.60349127182045
2008,2,"PXX","+ Snow","46_3_PXX","3","46",4.71475969184522,3.55042581801883
2009,3,"PXX","+ Snow","46_3_PXX","3","46",5.53028468053731,4.62513661202186
2010,4,"PXX","+ Snow","46_3_PXX","3","46",5.04317970456736,3.984934086629
2011,5,"PXX","+ Snow","46_3_PXX","3","46",3.18193060046012,2.15126050420168
2012,6,"PXX","+ Snow","46_3_PXX","3","46",3.03374671887297,2.01233002184175
2013,7,"PXX","+ Snow","46_3_PXX","3","46",3.37826804696152,2.20125054529591
2014,8,"PXX","+ Snow","46_3_PXX","3","46",2.59761981978523,1.74555511655472
2015,9,"PXX","+ Snow","46_3_PXX","3","46",2.84143672409929,1.94862036156042
2016,10,"PXX","+ Snow","46_3_PXX","3","46",3.49793309354185,2.37466838474949
2017,11,"PXX","+ Snow","46_3_PXX","3","46",3.35661691689625,2.32128514056225
2018,12,"PXX","+ Snow","46_3_PXX","3","46",3.15934343963602,2.17421492819946
2019,13,"PXX","+ Snow","46_3_PXX","3","46",2.9571666289322,2.14010519844252
2020,14,"PXX","+ Snow","46_3_PXX","3","46",4.32799120479261,3.24143664782175
2021,15,"PXX","+ Snow","46_3_PXX","3","46",2.97238487952543,2.05370349300262
2022,16,"PXX","+ Snow","46_3_PXX","3","46",3.911518295625,2.65651310835786
2023,17,"PXX","+ Snow","46_3_PXX","3","46",3.02747922672792,1.93959731543624
2024,18,"PXX","+ Snow","46_3_PXX","3","46",3.59475428583625,2.86887233674
2006,0,"XNX","+ Nitrogen","5_1_XNX","1","5",3.9422259584373,2.64170205077243
2007,1,"XNX","+ Nitrogen","5_1_XNX","1","5",4.17724080902143,2.9788876276958
2008,2,"XNX","+ Nitrogen","5_1_XNX","1","5",4.54397889609814,3.14508165590581
2009,3,"XNX","+ Nitrogen","5_1_XNX","1","5",4.57476909192488,3.09224168752235
2010,4,"XNX","+ Nitrogen","5_1_XNX","1","5",3.89068264759125,2.64171333911809
2011,5,"XNX","+ Nitrogen","5_1_XNX","1","5",2.08773751750074,1.45664604971409
2012,6,"XNX","+ Nitrogen","5_1_XNX","1","5",4.39906614379526,2.92857142857143
2013,7,"XNX","+ Nitrogen","5_1_XNX","1","5",3.30747902247641,2.14852627328834
2014,8,"XNX","+ Nitrogen","5_1_XNX","1","5",2.86217983702857,1.90394777743239
2015,9,"XNX","+ Nitrogen","5_1_XNX","1","5",3.92968417649323,2.54850088183422
2016,10,"XNX","+ Nitrogen","5_1_XNX","1","5",3.6731598050796,2.37797721781153
2017,11,"XNX","+ Nitrogen","5_1_XNX","1","5",3.77670391480101,2.7541978021978
2018,12,"XNX","+ Nitrogen","5_1_XNX","1","5",4.10408575208199,2.6056129985229
2019,13,"XNX","+ Nitrogen","5_1_XNX","1","5",3.07353028645109,2.1808066759388
2020,14,"XNX","+ Nitrogen","5_1_XNX","1","5",2.33369444008072,1.6466659245241
2021,15,"XNX","+ Nitrogen","5_1_XNX","1","5",3.29557919742966,2.24441701268096
2022,16,"XNX","+ Nitrogen","5_1_XNX","1","5",3.94145471050086,2.91604675876727
2023,17,"XNX","+ Nitrogen","5_1_XNX","1","5",3.40125249383811,2.51484593837535
2024,18,"XNX","+ Nitrogen","5_1_XNX","1","5",2.80597062851212,2.00354646917701
2006,0,"XXX","Control","6_1_XXX","1","6",5.45746180987546,4.71216817140547
2007,1,"XXX","Control","6_1_XXX","1","6",5.16422821888464,4.07940904893813
2008,2,"XXX","Control","6_1_XXX","1","6",5.05670691621221,3.79743093077786
2009,3,"XXX","Control","6_1_XXX","1","6",5.88639112563486,5.27231121281465
2010,4,"XXX","Control","6_1_XXX","1","6",4.91481920234379,3.7745713090757
2011,5,"XXX","Control","6_1_XXX","1","6",4.75521895936125,3.55219896023605
2012,6,"XXX","Control","6_1_XXX","1","6",4.75097944267459,3.78553257383033
2013,7,"XXX","Control","6_1_XXX","1","6",4.88057931849656,3.95620720837101
2014,8,"XXX","Control","6_1_XXX","1","6",3.88930056938548,2.88767037443208
2015,9,"XXX","Control","6_1_XXX","1","6",4.86894861182545,3.88942257491908
2016,10,"XXX","Control","6_1_XXX","1","6",4.50016774712356,3.56363636363636
2017,11,"XXX","Control","6_1_XXX","1","6",4.32641088657983,3.45977756181838
2018,12,"XXX","Control","6_1_XXX","1","6",4.74420802034174,3.95529411764706
2019,13,"XXX","Control","6_1_XXX","1","6",2.9615802167065,2.202816100128
2020,14,"XXX","Control","6_1_XXX","1","6",3.35517054705927,2.3342939481268
2021,15,"XXX","Control","6_1_XXX","1","6",3.96897230523247,3.0269051440801
2022,16,"XXX","Control","6_1_XXX","1","6",4.67106553383303,3.91965255157438
2023,17,"XXX","Control","6_1_XXX","1","6",4.70128721626229,4.06875675675676
2024,18,"XXX","Control","6_1_XXX","1","6",4.17818563982439,3.52478686454057
2006,0,"XNX","+ Nitrogen","7_1_XNX","1","7",4.50675950179718,3.26678445229682
2007,1,"XNX","+ Nitrogen","7_1_XNX","1","7",4.43352894575709,3.15703467516939
2008,2,"XNX","+ Nitrogen","7_1_XNX","1","7",4.25445379637884,2.97575312270389
2009,3,"XNX","+ Nitrogen","7_1_XNX","1","7",4.28394175718099,2.81382978723404
2010,4,"XNX","+ Nitrogen","7_1_XNX","1","7",5.1853478592542,3.90405904059041
2011,5,"XNX","+ Nitrogen","7_1_XNX","1","7",3.0530762032235,1.97820179940825
2012,6,"XNX","+ Nitrogen","7_1_XNX","1","7",3.21141656577074,2.16880426989564
2013,7,"XNX","+ Nitrogen","7_1_XNX","1","7",2.81549240159063,1.87095542617161
2014,8,"XNX","+ Nitrogen","7_1_XNX","1","7",2.75229517635122,1.84616893946826
2015,9,"XNX","+ Nitrogen","7_1_XNX","1","7",2.45998093202077,1.66692701553415
2016,10,"XNX","+ Nitrogen","7_1_XNX","1","7",3.07191270225003,2.0887879934418
2017,11,"XNX","+ Nitrogen","7_1_XNX","1","7",4.06218605490888,2.86771681732749
2018,12,"XNX","+ Nitrogen","7_1_XNX","1","7",2.90008159505451,1.9285269580376
2019,13,"XNX","+ Nitrogen","7_1_XNX","1","7",2.01491136532488,1.45928518791452
2020,14,"XNX","+ Nitrogen","7_1_XNX","1","7",1.43038292968487,1.14332027556396
2021,15,"XNX","+ Nitrogen","7_1_XNX","1","7",2.11176351717183,1.45704404135546
2022,16,"XNX","+ Nitrogen","7_1_XNX","1","7",2.57136571556901,1.75773359300693
2023,17,"XNX","+ Nitrogen","7_1_XNX","1","7",2.27970602918288,1.56397087006516
2024,18,"XNX","+ Nitrogen","7_1_XNX","1","7",2.86085281085088,2.07213412355171
2006,0,"XXW","+ Warming","8_1_XXW","1","8",2.92120757161961,2.1193092621664
2007,1,"XXW","+ Warming","8_1_XXW","1","8",2.07652852982001,1.47619047619048
2008,2,"XXW","+ Warming","8_1_XXW","1","8",2.79402836015358,2.10816654654322
2009,3,"XXW","+ Warming","8_1_XXW","1","8",2.92163927170344,2.03362332471197
2010,4,"XXW","+ Warming","8_1_XXW","1","8",3.49500543676235,2.4822695035461
2011,5,"XXW","+ Warming","8_1_XXW","1","8",2.28796072313278,1.69119853852678
2012,6,"XXW","+ Warming","8_1_XXW","1","8",3.4220948959982,2.51968503937008
2013,7,"XXW","+ Warming","8_1_XXW","1","8",2.83096514124221,2.10380156376382
2014,8,"XXW","+ Warming","8_1_XXW","1","8",2.48007875553954,1.76601803512103
2015,9,"XXW","+ Warming","8_1_XXW","1","8",2.27712030320689,1.58922454064154
2016,10,"XXW","+ Warming","8_1_XXW","1","8",2.79293546826313,2.06109470815353
2017,11,"XXW","+ Warming","8_1_XXW","1","8",2.54359096381223,1.85469176032453
2018,12,"XXW","+ Warming","8_1_XXW","1","8",3.18392974015147,2.13315618541482
2019,13,"XXW","+ Warming","8_1_XXW","1","8",2.22068032926629,1.60296716833592
2020,14,"XXW","+ Warming","8_1_XXW","1","8",1.86455702172835,1.38154528398431
2021,15,"XXW","+ Warming","8_1_XXW","1","8",2.76134798609142,1.97746944169144
2022,16,"XXW","+ Warming","8_1_XXW","1","8",3.19996660192211,2.17574286044629
2023,17,"XXW","+ Warming","8_1_XXW","1","8",2.90732304300939,2.32587475596937
2024,18,"XXW","+ Warming","8_1_XXW","1","8",3.55077551787207,2.47008547008547
