"VR","lowerCI","upperCI","window","start.year","end.year","pair","pair1","pair2","treatment","bn","sig.synch","sig.comp","affiliation","aff.name","treatment.name"
1.11307253773394,0.81465176073834,1.18029833359733,"2007-2024",2007,2024,"ARTSCO-BISBIS","ARTSCO","BISBIS","XXX",10000,FALSE,FALSE,0,"None","Control"
1.01683270244018,0.875565120026583,1.10746803210011,"2007-2024",2007,2024,"ARTSCO-CALLEP","ARTSCO","CALLEP","XXX",10000,FALSE,FALSE,0,"None","Control"
0.990125877818488,0.828249750854588,1.17140957166365,"2007-2024",2007,2024,"ARTSCO-CARSCO","ARTSCO","CARSCO","XXX",10000,FALSE,FALSE,0,"None","Control"
0.90080455885289,0.855099095209744,1.14644638947348,"2007-2024",2007,2024,"ARTSCO-DESCES","ARTSCO","DESCES","XXX",10000,FALSE,FALSE,0,"None","Control"
1.21295695158507,0.784833784086438,1.22098428709837,"2007-2024",2007,2024,"ARTSCO-GENALG","ARTSCO","GENALG","XXX",10000,FALSE,FALSE,0,"None","Control"
0.983595906628878,0.823937676030047,1.17952127528944,"2007-2024",2007,2024,"ARTSCO-GEUROS","ARTSCO","GEUROS","XXX",10000,FALSE,FALSE,0,"None","Control"
1.01268398223223,0.829131728605624,1.16969253611611,"2007-2024",2007,2024,"ARTSCO-TRIPAR","ARTSCO","TRIPAR","XXX",10000,FALSE,FALSE,0,"None","Control"
1.15043265344629,0.850611592615754,1.15094718262386,"2007-2024",2007,2024,"BISBIS-CALLEP","BISBIS","CALLEP","XXX",10000,FALSE,FALSE,0,"None","Control"
1.08295456296476,0.830723547426718,1.1551541524935,"2007-2024",2007,2024,"BISBIS-CARSCO","BISBIS","CARSCO","XXX",10000,FALSE,FALSE,0,"None","Control"
0.802141592139361,0.877963459381808,1.10930621454418,"2007-2024",2007,2024,"BISBIS-DESCES","BISBIS","DESCES","XXX",10000,FALSE,TRUE,-1,"Compensatory","Control"
1.13422175626359,0.811232917138937,1.1964315050897,"2007-2024",2007,2024,"BISBIS-GENALG","BISBIS","GENALG","XXX",10000,FALSE,FALSE,0,"None","Control"
1.05657597923377,0.833139432197791,1.16675902668111,"2007-2024",2007,2024,"BISBIS-GEUROS","BISBIS","GEUROS","XXX",10000,FALSE,FALSE,0,"None","Control"
0.978797974380368,0.831627587733469,1.18371239312901,"2007-2024",2007,2024,"BISBIS-TRIPAR","BISBIS","TRIPAR","XXX",10000,FALSE,FALSE,0,"None","Control"
0.933452791143453,0.880561768178675,1.14209936217562,"2007-2024",2007,2024,"CALLEP-CARSCO","CALLEP","CARSCO","XXX",10000,FALSE,FALSE,0,"None","Control"
0.899727344679812,0.93195807325036,1.07373668849785,"2007-2024",2007,2024,"CALLEP-DESCES","CALLEP","DESCES","XXX",10000,FALSE,TRUE,-1,"Compensatory","Control"
1.17912529714643,0.860718824841582,1.12931139481556,"2007-2024",2007,2024,"CALLEP-GENALG","CALLEP","GENALG","XXX",10000,TRUE,FALSE,1,"Synchrony","Control"
1.14715300255957,0.908276850263569,1.09134372022556,"2007-2024",2007,2024,"CALLEP-GEUROS","CALLEP","GEUROS","XXX",10000,TRUE,FALSE,1,"Synchrony","Control"
1.06448996664681,0.92104406592166,1.09212573256616,"2007-2024",2007,2024,"CALLEP-TRIPAR","CALLEP","TRIPAR","XXX",10000,FALSE,FALSE,0,"None","Control"
0.854398982270935,0.89142095797761,1.12334808951058,"2007-2024",2007,2024,"CARSCO-DESCES","CARSCO","DESCES","XXX",10000,FALSE,TRUE,-1,"Compensatory","Control"
1.00142263083797,0.817715098107061,1.18666159394341,"2007-2024",2007,2024,"CARSCO-GENALG","CARSCO","GENALG","XXX",10000,FALSE,FALSE,0,"None","Control"
1.03730975812551,0.868005081129505,1.1417121386213,"2007-2024",2007,2024,"CARSCO-GEUROS","CARSCO","GEUROS","XXX",10000,FALSE,FALSE,0,"None","Control"
1.09246377130358,0.900653779697089,1.13966804920528,"2007-2024",2007,2024,"CARSCO-TRIPAR","CARSCO","TRIPAR","XXX",10000,FALSE,FALSE,0,"None","Control"
0.845756232817686,0.903061610762272,1.0938499992695,"2007-2024",2007,2024,"DESCES-GENALG","DESCES","GENALG","XXX",10000,FALSE,TRUE,-1,"Compensatory","Control"
0.526354095964709,0.773530785427044,1.21042930056065,"2007-2024",2007,2024,"DESCES-GEUROS","DESCES","GEUROS","XXX",10000,FALSE,TRUE,-1,"Compensatory","Control"
0.958896497545792,0.896486649114705,1.10812546619402,"2007-2024",2007,2024,"DESCES-TRIPAR","DESCES","TRIPAR","XXX",10000,FALSE,FALSE,0,"None","Control"
1.14226813210775,0.863823952267068,1.14197126926085,"2007-2024",2007,2024,"GENALG-GEUROS","GENALG","GEUROS","XXX",10000,TRUE,FALSE,1,"Synchrony","Control"
0.946310113568679,0.86615667724474,1.14261605498917,"2007-2024",2007,2024,"GENALG-TRIPAR","GENALG","TRIPAR","XXX",10000,FALSE,FALSE,0,"None","Control"
1.03628879139024,0.845686759116145,1.16211117370097,"2007-2024",2007,2024,"GEUROS-TRIPAR","GEUROS","TRIPAR","XXX",10000,FALSE,FALSE,0,"None","Control"
1.06217701132427,0.802012998087651,1.19580568033304,"2007-2024",2007,2024,"ARTSCO-BISBIS","ARTSCO","BISBIS","PXX",10000,FALSE,FALSE,0,"None","+ Snow"
1.1740732404263,0.808482830238236,1.19156186446841,"2007-2024",2007,2024,"ARTSCO-CALLEP","ARTSCO","CALLEP","PXX",10000,FALSE,FALSE,0,"None","+ Snow"
1.02060796470971,0.851115415228311,1.1466806703009,"2007-2024",2007,2024,"ARTSCO-CARSCO","ARTSCO","CARSCO","PXX",10000,FALSE,FALSE,0,"None","+ Snow"
0.650848291424497,0.811355491272082,1.18198453552692,"2007-2024",2007,2024,"ARTSCO-DESCES","ARTSCO","DESCES","PXX",10000,FALSE,TRUE,-1,"Compensatory","+ Snow"
1.33595888279818,0.800204672275895,1.20983601508318,"2007-2024",2007,2024,"ARTSCO-GENALG","ARTSCO","GENALG","PXX",10000,TRUE,FALSE,1,"Synchrony","+ Snow"
1.25877583094149,0.782148411506129,1.23544537292686,"2007-2024",2007,2024,"ARTSCO-GEUROS","ARTSCO","GEUROS","PXX",10000,TRUE,FALSE,1,"Synchrony","+ Snow"
1.10900390636423,0.857382175230593,1.15634693390654,"2007-2024",2007,2024,"ARTSCO-TRIPAR","ARTSCO","TRIPAR","PXX",10000,FALSE,FALSE,0,"None","+ Snow"
1.28136189679495,0.793500338156457,1.19742861926933,"2007-2024",2007,2024,"BISBIS-CALLEP","BISBIS","CALLEP","PXX",10000,TRUE,FALSE,1,"Synchrony","+ Snow"
0.963979271370369,0.842432860206164,1.15906473822877,"2007-2024",2007,2024,"BISBIS-CARSCO","BISBIS","CARSCO","PXX",10000,FALSE,FALSE,0,"None","+ Snow"
0.796451827439753,0.875435409811573,1.11305310676097,"2007-2024",2007,2024,"BISBIS-DESCES","BISBIS","DESCES","PXX",10000,FALSE,TRUE,-1,"Compensatory","+ Snow"
1.17486990941245,0.790460051377491,1.21030749218557,"2007-2024",2007,2024,"BISBIS-GENALG","BISBIS","GENALG","PXX",10000,FALSE,FALSE,0,"None","+ Snow"
1.25837491592324,0.831601264439106,1.17636172599938,"2007-2024",2007,2024,"BISBIS-GEUROS","BISBIS","GEUROS","PXX",10000,TRUE,FALSE,1,"Synchrony","+ Snow"
1.16713643352181,0.830847717858815,1.18162399765207,"2007-2024",2007,2024,"BISBIS-TRIPAR","BISBIS","TRIPAR","PXX",10000,FALSE,FALSE,0,"None","+ Snow"
1.00514752258334,0.854815487297803,1.15547627855746,"2007-2024",2007,2024,"CALLEP-CARSCO","CALLEP","CARSCO","PXX",10000,FALSE,FALSE,0,"None","+ Snow"
0.860052475590916,0.907589530614973,1.08561951050437,"2007-2024",2007,2024,"CALLEP-DESCES","CALLEP","DESCES","PXX",10000,FALSE,TRUE,-1,"Compensatory","+ Snow"
1.31284263590224,0.784298721129496,1.23317793047058,"2007-2024",2007,2024,"CALLEP-GENALG","CALLEP","GENALG","PXX",10000,TRUE,FALSE,1,"Synchrony","+ Snow"
1.18204146986923,0.839901014171149,1.17653064338529,"2007-2024",2007,2024,"CALLEP-GEUROS","CALLEP","GEUROS","PXX",10000,TRUE,FALSE,1,"Synchrony","+ Snow"
1.11158724035929,0.840458225457256,1.1720625620333,"2007-2024",2007,2024,"CALLEP-TRIPAR","CALLEP","TRIPAR","PXX",10000,FALSE,FALSE,0,"None","+ Snow"
0.899149589721049,0.893437434082358,1.10773770870902,"2007-2024",2007,2024,"CARSCO-DESCES","CARSCO","DESCES","PXX",10000,FALSE,FALSE,0,"None","+ Snow"
1.0278274282477,0.839558628342693,1.16186334082734,"2007-2024",2007,2024,"CARSCO-GENALG","CARSCO","GENALG","PXX",10000,FALSE,FALSE,0,"None","+ Snow"
0.942879388933659,0.888979283672551,1.13334761868352,"2007-2024",2007,2024,"CARSCO-GEUROS","CARSCO","GEUROS","PXX",10000,FALSE,FALSE,0,"None","+ Snow"
1.06244568018864,0.845693712324821,1.17094218354411,"2007-2024",2007,2024,"CARSCO-TRIPAR","CARSCO","TRIPAR","PXX",10000,FALSE,FALSE,0,"None","+ Snow"
0.782645075615066,0.879762584633675,1.11089238066462,"2007-2024",2007,2024,"DESCES-GENALG","DESCES","GENALG","PXX",10000,FALSE,TRUE,-1,"Compensatory","+ Snow"
0.665201895360531,0.820029387156968,1.17191695572123,"2007-2024",2007,2024,"DESCES-GEUROS","DESCES","GEUROS","PXX",10000,FALSE,TRUE,-1,"Compensatory","+ Snow"
0.84850230285737,0.884158935631956,1.10000434050513,"2007-2024",2007,2024,"DESCES-TRIPAR","DESCES","TRIPAR","PXX",10000,FALSE,TRUE,-1,"Compensatory","+ Snow"
1.28341748297673,0.833022524610108,1.19153969825242,"2007-2024",2007,2024,"GENALG-GEUROS","GENALG","GEUROS","PXX",10000,TRUE,FALSE,1,"Synchrony","+ Snow"
1.11690101308156,0.847591418401267,1.17121247279636,"2007-2024",2007,2024,"GENALG-TRIPAR","GENALG","TRIPAR","PXX",10000,FALSE,FALSE,0,"None","+ Snow"
0.922033295594358,0.853823655655142,1.14833868539314,"2007-2024",2007,2024,"GEUROS-TRIPAR","GEUROS","TRIPAR","PXX",10000,FALSE,FALSE,0,"None","+ Snow"
1.04968312074674,0.820277149136488,1.17237930353813,"2007-2024",2007,2024,"ARTSCO-BISBIS","ARTSCO","BISBIS","XNX",10000,FALSE,FALSE,0,"None","+ Nitrogen"
1.161269769788,0.860138447231976,1.14104663108497,"2007-2024",2007,2024,"ARTSCO-CALLEP","ARTSCO","CALLEP","XNX",10000,TRUE,FALSE,1,"Synchrony","+ Nitrogen"
0.899626902923958,0.808224856762309,1.22089840568391,"2007-2024",2007,2024,"ARTSCO-CARSCO","ARTSCO","CARSCO","XNX",10000,FALSE,FALSE,0,"None","+ Nitrogen"
0.73672323840582,0.859210311716125,1.12940390285777,"2007-2024",2007,2024,"ARTSCO-DESCES","ARTSCO","DESCES","XNX",10000,FALSE,TRUE,-1,"Compensatory","+ Nitrogen"
1.25357643299324,0.829688299644227,1.1890528483875,"2007-2024",2007,2024,"ARTSCO-GENALG","ARTSCO","GENALG","XNX",10000,TRUE,FALSE,1,"Synchrony","+ Nitrogen"
1.27620571832571,0.783107390375892,1.23046960168135,"2007-2024",2007,2024,"ARTSCO-GEUROS","ARTSCO","GEUROS","XNX",10000,TRUE,FALSE,1,"Synchrony","+ Nitrogen"
1.23073325312637,0.799296851803685,1.20089657053699,"2007-2024",2007,2024,"ARTSCO-TRIPAR","ARTSCO","TRIPAR","XNX",10000,TRUE,FALSE,1,"Synchrony","+ Nitrogen"
1.10927661069388,0.868101307793918,1.14176237906958,"2007-2024",2007,2024,"BISBIS-CALLEP","BISBIS","CALLEP","XNX",10000,FALSE,FALSE,0,"None","+ Nitrogen"
1.06764491295883,0.810216386334484,1.19625581859676,"2007-2024",2007,2024,"BISBIS-CARSCO","BISBIS","CARSCO","XNX",10000,FALSE,FALSE,0,"None","+ Nitrogen"
0.803621028322212,0.894006773882,1.08985279585146,"2007-2024",2007,2024,"BISBIS-DESCES","BISBIS","DESCES","XNX",10000,FALSE,TRUE,-1,"Compensatory","+ Nitrogen"
1.1314970453517,0.834059678032923,1.16809043056439,"2007-2024",2007,2024,"BISBIS-GENALG","BISBIS","GENALG","XNX",10000,FALSE,FALSE,0,"None","+ Nitrogen"
1.15521359354028,0.838947015330391,1.17621284947041,"2007-2024",2007,2024,"BISBIS-GEUROS","BISBIS","GEUROS","XNX",10000,FALSE,FALSE,0,"None","+ Nitrogen"
0.841725092559448,0.850175685948173,1.16591514078587,"2007-2024",2007,2024,"BISBIS-TRIPAR","BISBIS","TRIPAR","XNX",10000,FALSE,TRUE,-1,"Compensatory","+ Nitrogen"
0.974276345329848,0.880513625851443,1.10783433502846,"2007-2024",2007,2024,"CALLEP-CARSCO","CALLEP","CARSCO","XNX",10000,FALSE,FALSE,0,"None","+ Nitrogen"
0.871231687396315,0.944002237005923,1.05184311385655,"2007-2024",2007,2024,"CALLEP-DESCES","CALLEP","DESCES","XNX",10000,FALSE,TRUE,-1,"Compensatory","+ Nitrogen"
1.25188301989587,0.839663941815101,1.17378310739935,"2007-2024",2007,2024,"CALLEP-GENALG","CALLEP","GENALG","XNX",10000,TRUE,FALSE,1,"Synchrony","+ Nitrogen"
1.24887491710884,0.868019585223358,1.1517541459076,"2007-2024",2007,2024,"CALLEP-GEUROS","CALLEP","GEUROS","XNX",10000,TRUE,FALSE,1,"Synchrony","+ Nitrogen"
1.00718650085259,0.843884985310698,1.16562024071059,"2007-2024",2007,2024,"CALLEP-TRIPAR","CALLEP","TRIPAR","XNX",10000,FALSE,FALSE,0,"None","+ Nitrogen"
0.919094283613958,0.857184326535909,1.13614097241996,"2007-2024",2007,2024,"CARSCO-DESCES","CARSCO","DESCES","XNX",10000,FALSE,FALSE,0,"None","+ Nitrogen"
0.811956709231207,0.857624170595168,1.16359740811938,"2007-2024",2007,2024,"CARSCO-GENALG","CARSCO","GENALG","XNX",10000,FALSE,TRUE,-1,"Compensatory","+ Nitrogen"
0.811487005261702,0.797487646974011,1.2075788068085,"2007-2024",2007,2024,"CARSCO-GEUROS","CARSCO","GEUROS","XNX",10000,FALSE,FALSE,0,"None","+ Nitrogen"
1.11494453147528,0.825599198409904,1.17718850104266,"2007-2024",2007,2024,"CARSCO-TRIPAR","CARSCO","TRIPAR","XNX",10000,FALSE,FALSE,0,"None","+ Nitrogen"
0.852996440991852,0.929210481734782,1.07362322455943,"2007-2024",2007,2024,"DESCES-GENALG","DESCES","GENALG","XNX",10000,FALSE,TRUE,-1,"Compensatory","+ Nitrogen"
0.588285282747402,0.840230767662935,1.13264272334329,"2007-2024",2007,2024,"DESCES-GEUROS","DESCES","GEUROS","XNX",10000,FALSE,TRUE,-1,"Compensatory","+ Nitrogen"
0.902582411143229,0.904216821326565,1.09178465381307,"2007-2024",2007,2024,"DESCES-TRIPAR","DESCES","TRIPAR","XNX",10000,FALSE,TRUE,-1,"Compensatory","+ Nitrogen"
1.38467698403318,0.833000345686631,1.18303641021097,"2007-2024",2007,2024,"GENALG-GEUROS","GENALG","GEUROS","XNX",10000,TRUE,FALSE,1,"Synchrony","+ Nitrogen"
1.04306186433222,0.786261848337861,1.21441135769968,"2007-2024",2007,2024,"GENALG-TRIPAR","GENALG","TRIPAR","XNX",10000,FALSE,FALSE,0,"None","+ Nitrogen"
1.06416538261287,0.788065482523701,1.21779476683381,"2007-2024",2007,2024,"GEUROS-TRIPAR","GEUROS","TRIPAR","XNX",10000,FALSE,FALSE,0,"None","+ Nitrogen"
0.999001930690382,0.812482252769119,1.19136074668127,"2007-2024",2007,2024,"ARTSCO-BISBIS","ARTSCO","BISBIS","XXW",10000,FALSE,FALSE,0,"None","+ Warming"
0.998090414292577,0.872523178347939,1.14733626099101,"2007-2024",2007,2024,"ARTSCO-CALLEP","ARTSCO","CALLEP","XXW",10000,FALSE,FALSE,0,"None","+ Warming"
0.92787602283695,0.879918373550924,1.12924355572209,"2007-2024",2007,2024,"ARTSCO-CARSCO","ARTSCO","CARSCO","XXW",10000,FALSE,FALSE,0,"None","+ Warming"
0.945765669655709,0.876462895372933,1.12995619001414,"2007-2024",2007,2024,"ARTSCO-DESCES","ARTSCO","DESCES","XXW",10000,FALSE,FALSE,0,"None","+ Warming"
0.976914772063132,0.852725464363398,1.15152778632922,"2007-2024",2007,2024,"ARTSCO-GENALG","ARTSCO","GENALG","XXW",10000,FALSE,FALSE,0,"None","+ Warming"
0.970470650316934,0.832673982222592,1.16628421081998,"2007-2024",2007,2024,"ARTSCO-GEUROS","ARTSCO","GEUROS","XXW",10000,FALSE,FALSE,0,"None","+ Warming"
1.10787685853078,0.864082364206407,1.14448631250473,"2007-2024",2007,2024,"ARTSCO-TRIPAR","ARTSCO","TRIPAR","XXW",10000,FALSE,FALSE,0,"None","+ Warming"
0.957065587957189,0.881286924738998,1.14487296209299,"2007-2024",2007,2024,"BISBIS-CALLEP","BISBIS","CALLEP","XXW",10000,FALSE,FALSE,0,"None","+ Warming"
0.912072940395612,0.861517540739204,1.1492139501654,"2007-2024",2007,2024,"BISBIS-CARSCO","BISBIS","CARSCO","XXW",10000,FALSE,FALSE,0,"None","+ Warming"
1.01165975736176,0.924579004712957,1.07228542320341,"2007-2024",2007,2024,"BISBIS-DESCES","BISBIS","DESCES","XXW",10000,FALSE,FALSE,0,"None","+ Warming"
1.11361563725628,0.855038493093597,1.13720170435866,"2007-2024",2007,2024,"BISBIS-GENALG","BISBIS","GENALG","XXW",10000,FALSE,FALSE,0,"None","+ Warming"
0.952345923848229,0.861770531619398,1.14672765879816,"2007-2024",2007,2024,"BISBIS-GEUROS","BISBIS","GEUROS","XXW",10000,FALSE,FALSE,0,"None","+ Warming"
0.925379976447513,0.829216027416706,1.17660328962875,"2007-2024",2007,2024,"BISBIS-TRIPAR","BISBIS","TRIPAR","XXW",10000,FALSE,FALSE,0,"None","+ Warming"
0.985809286176226,0.880908889084497,1.13357004185138,"2007-2024",2007,2024,"CALLEP-CARSCO","CALLEP","CARSCO","XXW",10000,FALSE,FALSE,0,"None","+ Warming"
0.984034865185776,0.936131799519319,1.07731459395856,"2007-2024",2007,2024,"CALLEP-DESCES","CALLEP","DESCES","XXW",10000,FALSE,FALSE,0,"None","+ Warming"
1.1680454260417,0.85394924844767,1.15043535277881,"2007-2024",2007,2024,"CALLEP-GENALG","CALLEP","GENALG","XXW",10000,TRUE,FALSE,1,"Synchrony","+ Warming"
0.94666334411831,0.878849385262396,1.13935112509361,"2007-2024",2007,2024,"CALLEP-GEUROS","CALLEP","GEUROS","XXW",10000,FALSE,FALSE,0,"None","+ Warming"
0.896479998612044,0.87701998331206,1.13616230222236,"2007-2024",2007,2024,"CALLEP-TRIPAR","CALLEP","TRIPAR","XXW",10000,FALSE,FALSE,0,"None","+ Warming"
0.820124930073466,0.861618904044406,1.13853105540177,"2007-2024",2007,2024,"CARSCO-DESCES","CARSCO","DESCES","XXW",10000,FALSE,TRUE,-1,"Compensatory","+ Warming"
0.875299178571721,0.830188867513193,1.16425719755314,"2007-2024",2007,2024,"CARSCO-GENALG","CARSCO","GENALG","XXW",10000,FALSE,FALSE,0,"None","+ Warming"
1.09032992038764,0.861384099664299,1.13510635359644,"2007-2024",2007,2024,"CARSCO-GEUROS","CARSCO","GEUROS","XXW",10000,FALSE,FALSE,0,"None","+ Warming"
0.883462378223541,0.848925856306673,1.15211424901599,"2007-2024",2007,2024,"CARSCO-TRIPAR","CARSCO","TRIPAR","XXW",10000,FALSE,FALSE,0,"None","+ Warming"
0.945076792164021,0.909173687257189,1.10319686455681,"2007-2024",2007,2024,"DESCES-GENALG","DESCES","GENALG","XXW",10000,FALSE,FALSE,0,"None","+ Warming"
0.677895576354996,0.844539423839932,1.15674355498939,"2007-2024",2007,2024,"DESCES-GEUROS","DESCES","GEUROS","XXW",10000,FALSE,TRUE,-1,"Compensatory","+ Warming"
0.925649918052,0.933853003848519,1.06782933603775,"2007-2024",2007,2024,"DESCES-TRIPAR","DESCES","TRIPAR","XXW",10000,FALSE,TRUE,-1,"Compensatory","+ Warming"
1.15448492309084,0.85432556949017,1.14512760153326,"2007-2024",2007,2024,"GENALG-GEUROS","GENALG","GEUROS","XXW",10000,TRUE,FALSE,1,"Synchrony","+ Warming"
0.939783735930506,0.867589444211809,1.15914066707623,"2007-2024",2007,2024,"GENALG-TRIPAR","GENALG","TRIPAR","XXW",10000,FALSE,FALSE,0,"None","+ Warming"
0.994449534154871,0.890436033647286,1.11766300688258,"2007-2024",2007,2024,"GEUROS-TRIPAR","GEUROS","TRIPAR","XXW",10000,FALSE,FALSE,0,"None","+ Warming"
